Probe-gallery Pair ID,Probe_img_path,Gallery_img_path,Comparison Type,Original Score,Decision Threshold,Original Decision,Decision Type,Explainability Map,Face Beautification or Face Coding,Face Beautification Tool,Filtred_probe_img_path,Score After Beautification,Decision After Beautification,Face Coding Tool,PSNR-YUV,MS-SSIM,Decoded_probe_img_path,Score After Coding,Decision After Coding,Face Verification Tool,Explainability Tool,Similar_region_HM_path
"""1""","""DATASET/Original/Probe/Ashton_Kutcher_0003.jpg""","""DATASET/Original/Gallery/Ashton_Kutcher_0001.jpg""",Genuine,0.4827,0.835,YES,True Positive,Similarity Map,Select,Select,Select,Select,Select,Select,Select,Select,Select,Select,Select,ArcFace,FV_RISE,"""DATASET/Explainability/FR_RISE/Original/Ashton_Kutcher_0003_Ashton_Kutcher_0001.png"""
"""1""","""DATASET/Original/Probe/Ashton_Kutcher_0003.jpg""","""DATASET/Original/Gallery/Ashton_Kutcher_0001.jpg""",Genuine,0.4827,0.835,YES,??,??,Face Beautification,Select,Select,Select,Select,Select,Select,Select,Select,Select,Select,ArcFace,FV_RISE,"""DATASET/Explainability/FR_RISE/Original/Ashton_Kutcher_0003_Ashton_Kutcher_0001.png"""
"""1""","""DATASET/Original/Probe/Ashton_Kutcher_0003.jpg""","""DATASET/Original/Gallery/Ashton_Kutcher_0001.jpg""",Genuine,0.4827,0.835,YES,??,??,Face Coding,Select,Select,Select,Select,Select,Select,Select,Select,Select,Select,ArcFace,FV_RISE,"""DATASET/Explainability/FR_RISE/Original/Ashton_Kutcher_0003_Ashton_Kutcher_0001.png"""
"""1""","""DATASET/Original/Probe/Ashton_Kutcher_0003.jpg""","""DATASET/Original/Gallery/Ashton_Kutcher_0001.jpg""",Genuine,0.4827,0.835,YES,??,??,Face Beautification,Thinner Face,"""DATASET/Beautification/Filter_1_Thinner_face/Ashton_Kutcher_0003.jpg""",??,??,Select,Select,Select,Select,Select,Select,ArcFace,FV_RISE,"""DATASET/Explainability/FR_RISE/Original/Ashton_Kutcher_0003_Ashton_Kutcher_0001.png"""
"""1""","""DATASET/Original/Probe/Ashton_Kutcher_0003.jpg""","""DATASET/Original/Gallery/Ashton_Kutcher_0001.jpg""",Genuine,0.4827,0.835,YES,??,??,Face Beautification,Relax You Pretty,"""DATASET/Beautification/Filter_2_Relax_You_Pretty/Ashton_Kutcher_0003.jpg""",??,??,Select,Select,Select,Select,Select,Select,ArcFace,FV_RISE,"""DATASET/Explainability/FR_RISE/Original/Ashton_Kutcher_0003_Ashton_Kutcher_0001.png"""
"""1""","""DATASET/Original/Probe/Ashton_Kutcher_0003.jpg""","""DATASET/Original/Gallery/Ashton_Kutcher_0001.jpg""",Genuine,0.4827,0.835,YES,??,??,Face Beautification,Glam Grain,"""DATASET/Beautification/Filter_3_Glam_grain/Ashton_Kutcher_0003.jpg""",??,??,Select,Select,Select,Select,Select,Select,ArcFace,FV_RISE,"""DATASET/Explainability/FR_RISE/Original/Ashton_Kutcher_0003_Ashton_Kutcher_0001.png"""
"""1""","""DATASET/Original/Probe/Ashton_Kutcher_0003.jpg""","""DATASET/Original/Gallery/Ashton_Kutcher_0001.jpg""",Genuine,0.4827,0.835,YES,??,??,Face Coding,Select,Select,Select,Select,JPEG at 10 QF,30.71,0.9461,"""DATASET/Coding/JPEG/JPEG_Q=10/Ashton_Kutcher_0003.png""",??,??,ArcFace,FV_RISE,"""DATASET/Explainability/FR_RISE/Coding/JPEG/JPEG_Q=10/Ashton_Kutcher_0003_Ashton_Kutcher_0001.png"""
"""1""","""DATASET/Original/Probe/Ashton_Kutcher_0003.jpg""","""DATASET/Original/Gallery/Ashton_Kutcher_0001.jpg""",Genuine,0.4827,0.835,YES,??,??,Face Coding,Select,Select,Select,Select,JPEG at 25 QF,34.62,0.9784,"""DATASET/Coding/JPEG/JPEG_Q=25/Ashton_Kutcher_0003.png""",??,??,ArcFace,FV_RISE,"""DATASET/Explainability/FR_RISE/Coding/JPEG/JPEG_Q=25/Ashton_Kutcher_0003_Ashton_Kutcher_0001.png"""
"""1""","""DATASET/Original/Probe/Ashton_Kutcher_0003.jpg""","""DATASET/Original/Gallery/Ashton_Kutcher_0001.jpg""",Genuine,0.4827,0.835,YES,??,??,Face Coding,Select,Select,Select,Select,JPEG at 45 QF,38.13,0.9892,"""DATASET/Coding/JPEG/JPEG_Q=45/Ashton_Kutcher_0003.png""",??,??,ArcFace,FV_RISE,"""DATASET/Explainability/FR_RISE/Coding/JPEG/JPEG_Q=45/Ashton_Kutcher_0003_Ashton_Kutcher_0001.png"""
"""1""","""DATASET/Original/Probe/Ashton_Kutcher_0003.jpg""","""DATASET/Original/Gallery/Ashton_Kutcher_0001.jpg""",Genuine,0.4827,0.835,YES,??,??,Face Coding,Select,Select,Select,Select,JPEG at 75 QF,45.13,0.998,"""DATASET/Coding/JPEG/JPEG_Q=75/Ashton_Kutcher_0003.png""",??,??,ArcFace,FV_RISE,"""DATASET/Explainability/FR_RISE/Coding/JPEG/JPEG_Q=75/Ashton_Kutcher_0003_Ashton_Kutcher_0001.png"""
"""1""","""DATASET/Original/Probe/Ashton_Kutcher_0003.jpg""","""DATASET/Original/Gallery/Ashton_Kutcher_0001.jpg""",Genuine,0.4827,0.835,YES,??,??,Face Coding,Select,Select,Select,Select,JPEG AI at 0.06 bpp,33.23,0.9696,"""DATASET/Coding/JPEG_AI/JPEG_AI_BR=0.06/Ashton_Kutcher_0003.png""",??,??,ArcFace,FV_RISE,"""DATASET/Explainability/FR_RISE/Coding/JPEG_AI/JPEG_AI_BR=0.06/Ashton_Kutcher_0003_Ashton_Kutcher_0001.png"""
"""1""","""DATASET/Original/Probe/Ashton_Kutcher_0003.jpg""","""DATASET/Original/Gallery/Ashton_Kutcher_0001.jpg""",Genuine,0.4827,0.835,YES,??,??,Face Coding,Select,Select,Select,Select,JPEG AI at 0.12 bpp,36.03,0.9857,"""DATASET/Coding/JPEG_AI/JPEG_AI_BR=0.12/Ashton_Kutcher_0003.png""",??,??,ArcFace,FV_RISE,"""DATASET/Explainability/FR_RISE/Coding/JPEG_AI/JPEG_AI_BR=0.12/Ashton_Kutcher_0003_Ashton_Kutcher_0001.png"""
"""1""","""DATASET/Original/Probe/Ashton_Kutcher_0003.jpg""","""DATASET/Original/Gallery/Ashton_Kutcher_0001.jpg""",Genuine,0.4827,0.835,YES,??,??,Face Coding,Select,Select,Select,Select,JPEG AI at 0.25 bpp,37.66,0.9912,"""DATASET/Coding/JPEG_AI/JPEG_AI_BR=0.25/Ashton_Kutcher_0003.png""",??,??,ArcFace,FV_RISE,"""DATASET/Explainability/FR_RISE/Coding/JPEG_AI/JPEG_AI_BR=0.25/Ashton_Kutcher_0003_Ashton_Kutcher_0001.png"""
"""1""","""DATASET/Original/Probe/Ashton_Kutcher_0003.jpg""","""DATASET/Original/Gallery/Ashton_Kutcher_0001.jpg""",Genuine,0.4827,0.835,YES,??,??,Face Coding,Select,Select,Select,Select,JPEG AI at 0.50 bpp,39.86,0.9961,"""DATASET/Coding/JPEG_AI/JPEG_AI_BR=0.50/Ashton_Kutcher_0003.png""",??,??,ArcFace,FV_RISE,"""DATASET/Explainability/FR_RISE/Coding/JPEG_AI/JPEG_AI_BR=0.50/Ashton_Kutcher_0003_Ashton_Kutcher_0001.png"""
"""1""","""DATASET/Original/Probe/Ashton_Kutcher_0003.jpg""","""DATASET/Original/Gallery/Ashton_Kutcher_0001.jpg""",Genuine,0.4827,0.835,YES,??,??,Face Coding,Select,Select,Select,Select,JPEG AI at 0.75 bpp,41.15,0.9973,"""DATASET/Coding/JPEG_AI/JPEG_AI_BR=0.75/Ashton_Kutcher_0003.png""",??,??,ArcFace,FV_RISE,"""DATASET/Explainability/FR_RISE/Coding/JPEG_AI/JPEG_AI_BR=0.75/Ashton_Kutcher_0003_Ashton_Kutcher_0001.png"""
"""2""","""DATASET/Original/Probe/Larry_Pleau_0002.jpg""","""DATASET/Original/Gallery/Larry_Pleau_0001.jpg""",Genuine,0.8917,0.835,NO,False Negative,Dissimilarity Map,Select,Select,Select,Select,Select,Select,Select,Select,Select,Select,Select,ArcFace,FV_RISE,"""DATASET/Explainability/FR_RISE/Original/Larry_Pleau_0002_Larry_Pleau_0001.png"""
"""2""","""DATASET/Original/Probe/Larry_Pleau_0002.jpg""","""DATASET/Original/Gallery/Larry_Pleau_0001.jpg""",Genuine,0.8917,0.835,NO,??,??,Face Beautification,Select,Select,Select,Select,Select,Select,Select,Select,Select,Select,ArcFace,FV_RISE,"""DATASET/Explainability/FR_RISE/Original/Larry_Pleau_0002_Larry_Pleau_0001.png"""
"""2""","""DATASET/Original/Probe/Larry_Pleau_0002.jpg""","""DATASET/Original/Gallery/Larry_Pleau_0001.jpg""",Genuine,0.8917,0.835,NO,??,??,Face Coding,Select,Select,Select,Select,Select,Select,Select,Select,Select,Select,ArcFace,FV_RISE,"""DATASET/Explainability/FR_RISE/Original/Larry_Pleau_0002_Larry_Pleau_0001.png"""
"""2""","""DATASET/Original/Probe/Larry_Pleau_0002.jpg""","""DATASET/Original/Gallery/Larry_Pleau_0001.jpg""",Genuine,0.8917,0.835,NO,??,??,Face Beautification,Thinner Face,"""DATASET/Beautification/Filter_1_Thinner_face/Larry_Pleau_0002.jpg""",??,??,Select,Select,Select,Select,Select,Select,ArcFace,FV_RISE,"""DATASET/Explainability/FR_RISE/Original/Larry_Pleau_0002_Larry_Pleau_0001.png"""
"""2""","""DATASET/Original/Probe/Larry_Pleau_0002.jpg""","""DATASET/Original/Gallery/Larry_Pleau_0001.jpg""",Genuine,0.8917,0.835,NO,??,??,Face Beautification,Relax You Pretty,"""DATASET/Beautification/Filter_2_Relax_You_Pretty/Larry_Pleau_0002.jpg""",??,??,Select,Select,Select,Select,Select,Select,ArcFace,FV_RISE,"""DATASET/Explainability/FR_RISE/Original/Larry_Pleau_0002_Larry_Pleau_0001.png"""
"""2""","""DATASET/Original/Probe/Larry_Pleau_0002.jpg""","""DATASET/Original/Gallery/Larry_Pleau_0001.jpg""",Genuine,0.8917,0.835,NO,??,??,Face Beautification,Glam Grain,"""DATASET/Beautification/Filter_3_Glam_grain/Larry_Pleau_0002.jpg""",??,??,Select,Select,Select,Select,Select,Select,ArcFace,FV_RISE,"""DATASET/Explainability/FR_RISE/Original/Larry_Pleau_0002_Larry_Pleau_0001.png"""
"""2""","""DATASET/Original/Probe/Larry_Pleau_0002.jpg""","""DATASET/Original/Gallery/Larry_Pleau_0001.jpg""",Genuine,0.8917,0.835,NO,??,??,Face Coding,Select,Select,Select,Select,JPEG at 10 QF,30.12,0.9488,"""DATASET/Coding/JPEG/JPEG_Q=10/Larry_Pleau_0002.png""",??,??,ArcFace,FV_RISE,"""DATASET/Explainability/FR_RISE/Coding/JPEG/JPEG_Q=10/Larry_Pleau_0002_Larry_Pleau_0001.png"""
"""2""","""DATASET/Original/Probe/Larry_Pleau_0002.jpg""","""DATASET/Original/Gallery/Larry_Pleau_0001.jpg""",Genuine,0.8917,0.835,NO,??,??,Face Coding,Select,Select,Select,Select,JPEG at 25 QF,34.43,0.9782,"""DATASET/Coding/JPEG/JPEG_Q=25/Larry_Pleau_0002.png""",??,??,ArcFace,FV_RISE,"""DATASET/Explainability/FR_RISE/Coding/JPEG/JPEG_Q=25/Larry_Pleau_0002_Larry_Pleau_0001.png"""
"""2""","""DATASET/Original/Probe/Larry_Pleau_0002.jpg""","""DATASET/Original/Gallery/Larry_Pleau_0001.jpg""",Genuine,0.8917,0.835,NO,??,??,Face Coding,Select,Select,Select,Select,JPEG at 45 QF,38.58,0.9877,"""DATASET/Coding/JPEG/JPEG_Q=45/Larry_Pleau_0002.png""",??,??,ArcFace,FV_RISE,"""DATASET/Explainability/FR_RISE/Coding/JPEG/JPEG_Q=45/Larry_Pleau_0002_Larry_Pleau_0001.png"""
"""2""","""DATASET/Original/Probe/Larry_Pleau_0002.jpg""","""DATASET/Original/Gallery/Larry_Pleau_0001.jpg""",Genuine,0.8917,0.835,NO,??,??,Face Coding,Select,Select,Select,Select,JPEG at 75 QF,45.52,0.9979,"""DATASET/Coding/JPEG/JPEG_Q=75/Larry_Pleau_0002.png""",??,??,ArcFace,FV_RISE,"""DATASET/Explainability/FR_RISE/Coding/JPEG/JPEG_Q=75/Larry_Pleau_0002_Larry_Pleau_0001.png"""
"""2""","""DATASET/Original/Probe/Larry_Pleau_0002.jpg""","""DATASET/Original/Gallery/Larry_Pleau_0001.jpg""",Genuine,0.8917,0.835,NO,??,??,Face Coding,Select,Select,Select,Select,JPEG AI at 0.06 bpp,34.02,0.9648,"""DATASET/Coding/JPEG_AI/JPEG_AI_BR=0.06/Larry_Pleau_0002.png""",??,??,ArcFace,FV_RISE,"""DATASET/Explainability/FR_RISE/Coding/JPEG_AI/JPEG_AI_BR=0.06/Larry_Pleau_0002_Larry_Pleau_0001.png"""
"""2""","""DATASET/Original/Probe/Larry_Pleau_0002.jpg""","""DATASET/Original/Gallery/Larry_Pleau_0001.jpg""",Genuine,0.8917,0.835,NO,??,??,Face Coding,Select,Select,Select,Select,JPEG AI at 0.12 bpp,36.67,0.9827,"""DATASET/Coding/JPEG_AI/JPEG_AI_BR=0.12/Larry_Pleau_0002.png""",??,??,ArcFace,FV_RISE,"""DATASET/Explainability/FR_RISE/Coding/JPEG_AI/JPEG_AI_BR=0.12/Larry_Pleau_0002_Larry_Pleau_0001.png"""
"""2""","""DATASET/Original/Probe/Larry_Pleau_0002.jpg""","""DATASET/Original/Gallery/Larry_Pleau_0001.jpg""",Genuine,0.8917,0.835,NO,??,??,Face Coding,Select,Select,Select,Select,JPEG AI at 0.25 bpp,38.01,0.9884,"""DATASET/Coding/JPEG_AI/JPEG_AI_BR=0.25/Larry_Pleau_0002.png""",??,??,ArcFace,FV_RISE,"""DATASET/Explainability/FR_RISE/Coding/JPEG_AI/JPEG_AI_BR=0.25/Larry_Pleau_0002_Larry_Pleau_0001.png"""
"""2""","""DATASET/Original/Probe/Larry_Pleau_0002.jpg""","""DATASET/Original/Gallery/Larry_Pleau_0001.jpg""",Genuine,0.8917,0.835,NO,??,??,Face Coding,Select,Select,Select,Select,JPEG AI at 0.50 bpp,40.53,0.9956,"""DATASET/Coding/JPEG_AI/JPEG_AI_BR=0.50/Larry_Pleau_0002.png""",??,??,ArcFace,FV_RISE,"""DATASET/Explainability/FR_RISE/Coding/JPEG_AI/JPEG_AI_BR=0.50/Larry_Pleau_0002_Larry_Pleau_0001.png"""
"""2""","""DATASET/Original/Probe/Larry_Pleau_0002.jpg""","""DATASET/Original/Gallery/Larry_Pleau_0001.jpg""",Genuine,0.8917,0.835,NO,??,??,Face Coding,Select,Select,Select,Select,JPEG AI at 0.75 bpp,41.7,0.9973,"""DATASET/Coding/JPEG_AI/JPEG_AI_BR=0.75/Larry_Pleau_0002.png""",??,??,ArcFace,FV_RISE,"""DATASET/Explainability/FR_RISE/Coding/JPEG_AI/JPEG_AI_BR=0.75/Larry_Pleau_0002_Larry_Pleau_0001.png"""
"""3""","""DATASET/Original/Probe/Allan_Houston_0004.jpg""","""DATASET/Original/Gallery/Allan_Houston_0003.jpg""",Genuine,0.2682,0.835,YES,True Positive,Similarity Map,Select,Select,Select,Select,Select,Select,Select,Select,Select,Select,Select,ArcFace,FV_RISE,"""DATASET/Explainability/FR_RISE/Original/Allan_Houston_0004_Allan_Houston_0003.png"""
"""3""","""DATASET/Original/Probe/Allan_Houston_0004.jpg""","""DATASET/Original/Gallery/Allan_Houston_0003.jpg""",Genuine,0.2682,0.835,YES,??,??,Face Beautification,Select,Select,Select,Select,Select,Select,Select,Select,Select,Select,ArcFace,FV_RISE,"""DATASET/Explainability/FR_RISE/Original/Allan_Houston_0004_Allan_Houston_0003.png"""
"""3""","""DATASET/Original/Probe/Allan_Houston_0004.jpg""","""DATASET/Original/Gallery/Allan_Houston_0003.jpg""",Genuine,0.2682,0.835,YES,??,??,Face Coding,Select,Select,Select,Select,Select,Select,Select,Select,Select,Select,ArcFace,FV_RISE,"""DATASET/Explainability/FR_RISE/Original/Allan_Houston_0004_Allan_Houston_0003.png"""
"""3""","""DATASET/Original/Probe/Allan_Houston_0004.jpg""","""DATASET/Original/Gallery/Allan_Houston_0003.jpg""",Genuine,0.2682,0.835,YES,??,??,Face Beautification,Thinner Face,"""DATASET/Beautification/Filter_1_Thinner_face/Allan_Houston_0004.jpg""",??,??,Select,Select,Select,Select,Select,Select,ArcFace,FV_RISE,"""DATASET/Explainability/FR_RISE/Original/Allan_Houston_0004_Allan_Houston_0003.png"""
"""3""","""DATASET/Original/Probe/Allan_Houston_0004.jpg""","""DATASET/Original/Gallery/Allan_Houston_0003.jpg""",Genuine,0.2682,0.835,YES,??,??,Face Beautification,Relax You Pretty,"""DATASET/Beautification/Filter_2_Relax_You_Pretty/Allan_Houston_0004.jpg""",??,??,Select,Select,Select,Select,Select,Select,ArcFace,FV_RISE,"""DATASET/Explainability/FR_RISE/Original/Allan_Houston_0004_Allan_Houston_0003.png"""
"""3""","""DATASET/Original/Probe/Allan_Houston_0004.jpg""","""DATASET/Original/Gallery/Allan_Houston_0003.jpg""",Genuine,0.2682,0.835,YES,??,??,Face Beautification,Glam Grain,"""DATASET/Beautification/Filter_3_Glam_grain/Allan_Houston_0004.jpg""",??,??,Select,Select,Select,Select,Select,Select,ArcFace,FV_RISE,"""DATASET/Explainability/FR_RISE/Original/Allan_Houston_0004_Allan_Houston_0003.png"""
"""3""","""DATASET/Original/Probe/Allan_Houston_0004.jpg""","""DATASET/Original/Gallery/Allan_Houston_0003.jpg""",Genuine,0.2682,0.835,YES,??,??,Face Coding,Select,Select,Select,Select,JPEG at 10 QF,28.45,0.9567,"""DATASET/Coding/JPEG/JPEG_Q=10/Allan_Houston_0004.png""",??,??,ArcFace,FV_RISE,"""DATASET/Explainability/FR_RISE/Coding/JPEG/JPEG_Q=10/Allan_Houston_0004_Allan_Houston_0003.png"""
"""3""","""DATASET/Original/Probe/Allan_Houston_0004.jpg""","""DATASET/Original/Gallery/Allan_Houston_0003.jpg""",Genuine,0.2682,0.835,YES,??,??,Face Coding,Select,Select,Select,Select,JPEG at 25 QF,32.06,0.9817,"""DATASET/Coding/JPEG/JPEG_Q=25/Allan_Houston_0004.png""",??,??,ArcFace,FV_RISE,"""DATASET/Explainability/FR_RISE/Coding/JPEG/JPEG_Q=25/Allan_Houston_0004_Allan_Houston_0003.png"""
"""3""","""DATASET/Original/Probe/Allan_Houston_0004.jpg""","""DATASET/Original/Gallery/Allan_Houston_0003.jpg""",Genuine,0.2682,0.835,YES,??,??,Face Coding,Select,Select,Select,Select,JPEG at 45 QF,35.04,0.9902,"""DATASET/Coding/JPEG/JPEG_Q=45/Allan_Houston_0004.png""",??,??,ArcFace,FV_RISE,"""DATASET/Explainability/FR_RISE/Coding/JPEG/JPEG_Q=45/Allan_Houston_0004_Allan_Houston_0003.png"""
"""3""","""DATASET/Original/Probe/Allan_Houston_0004.jpg""","""DATASET/Original/Gallery/Allan_Houston_0003.jpg""",Genuine,0.2682,0.835,YES,??,??,Face Coding,Select,Select,Select,Select,JPEG at 75 QF,42.28,0.9982,"""DATASET/Coding/JPEG/JPEG_Q=75/Allan_Houston_0004.png""",??,??,ArcFace,FV_RISE,"""DATASET/Explainability/FR_RISE/Coding/JPEG/JPEG_Q=75/Allan_Houston_0004_Allan_Houston_0003.png"""
"""3""","""DATASET/Original/Probe/Allan_Houston_0004.jpg""","""DATASET/Original/Gallery/Allan_Houston_0003.jpg""",Genuine,0.2682,0.835,YES,??,??,Face Coding,Select,Select,Select,Select,JPEG AI at 0.06 bpp,30.14,0.9701,"""DATASET/Coding/JPEG_AI/JPEG_AI_BR=0.06/Allan_Houston_0004.png""",??,??,ArcFace,FV_RISE,"""DATASET/Explainability/FR_RISE/Coding/JPEG_AI/JPEG_AI_BR=0.06/Allan_Houston_0004_Allan_Houston_0003.png"""
"""3""","""DATASET/Original/Probe/Allan_Houston_0004.jpg""","""DATASET/Original/Gallery/Allan_Houston_0003.jpg""",Genuine,0.2682,0.835,YES,??,??,Face Coding,Select,Select,Select,Select,JPEG AI at 0.12 bpp,32.58,0.9858,"""DATASET/Coding/JPEG_AI/JPEG_AI_BR=0.12/Allan_Houston_0004.png""",??,??,ArcFace,FV_RISE,"""DATASET/Explainability/FR_RISE/Coding/JPEG_AI/JPEG_AI_BR=0.12/Allan_Houston_0004_Allan_Houston_0003.png"""
"""3""","""DATASET/Original/Probe/Allan_Houston_0004.jpg""","""DATASET/Original/Gallery/Allan_Houston_0003.jpg""",Genuine,0.2682,0.835,YES,??,??,Face Coding,Select,Select,Select,Select,JPEG AI at 0.25 bpp,34.1,0.9911,"""DATASET/Coding/JPEG_AI/JPEG_AI_BR=0.25/Allan_Houston_0004.png""",??,??,ArcFace,FV_RISE,"""DATASET/Explainability/FR_RISE/Coding/JPEG_AI/JPEG_AI_BR=0.25/Allan_Houston_0004_Allan_Houston_0003.png"""
"""3""","""DATASET/Original/Probe/Allan_Houston_0004.jpg""","""DATASET/Original/Gallery/Allan_Houston_0003.jpg""",Genuine,0.2682,0.835,YES,??,??,Face Coding,Select,Select,Select,Select,JPEG AI at 0.50 bpp,36.48,0.996,"""DATASET/Coding/JPEG_AI/JPEG_AI_BR=0.50/Allan_Houston_0004.png""",??,??,ArcFace,FV_RISE,"""DATASET/Explainability/FR_RISE/Coding/JPEG_AI/JPEG_AI_BR=0.50/Allan_Houston_0004_Allan_Houston_0003.png"""
"""3""","""DATASET/Original/Probe/Allan_Houston_0004.jpg""","""DATASET/Original/Gallery/Allan_Houston_0003.jpg""",Genuine,0.2682,0.835,YES,??,??,Face Coding,Select,Select,Select,Select,JPEG AI at 0.75 bpp,37.32,0.9968,"""DATASET/Coding/JPEG_AI/JPEG_AI_BR=0.75/Allan_Houston_0004.png""",??,??,ArcFace,FV_RISE,"""DATASET/Explainability/FR_RISE/Coding/JPEG_AI/JPEG_AI_BR=0.75/Allan_Houston_0004_Allan_Houston_0003.png"""
"""4""","""DATASET/Original/Probe/Infanta_Cristina_0002.jpg""","""DATASET/Original/Gallery/Infanta_Cristina_0004.jpg""",Genuine,0.9812,0.835,NO,False Negative,Dissimilarity Map,Select,Select,Select,Select,Select,Select,Select,Select,Select,Select,Select,ArcFace,FV_RISE,"""DATASET/Explainability/FR_RISE/Original/Infanta_Cristina_0002_Infanta_Cristina_0004.png"""
"""4""","""DATASET/Original/Probe/Infanta_Cristina_0002.jpg""","""DATASET/Original/Gallery/Infanta_Cristina_0004.jpg""",Genuine,0.9812,0.835,NO,??,??,Face Beautification,Select,Select,Select,Select,Select,Select,Select,Select,Select,Select,ArcFace,FV_RISE,"""DATASET/Explainability/FR_RISE/Original/Infanta_Cristina_0002_Infanta_Cristina_0004.png"""
"""4""","""DATASET/Original/Probe/Infanta_Cristina_0002.jpg""","""DATASET/Original/Gallery/Infanta_Cristina_0004.jpg""",Genuine,0.9812,0.835,NO,??,??,Face Coding,Select,Select,Select,Select,Select,Select,Select,Select,Select,Select,ArcFace,FV_RISE,"""DATASET/Explainability/FR_RISE/Original/Infanta_Cristina_0002_Infanta_Cristina_0004.png"""
"""4""","""DATASET/Original/Probe/Infanta_Cristina_0002.jpg""","""DATASET/Original/Gallery/Infanta_Cristina_0004.jpg""",Genuine,0.9812,0.835,NO,??,??,Face Beautification,Thinner Face,"""DATASET/Beautification/Filter_1_Thinner_face/Infanta_Cristina_0002.jpg""",??,??,Select,Select,Select,Select,Select,Select,ArcFace,FV_RISE,"""DATASET/Explainability/FR_RISE/Original/Infanta_Cristina_0002_Infanta_Cristina_0004.png"""
"""4""","""DATASET/Original/Probe/Infanta_Cristina_0002.jpg""","""DATASET/Original/Gallery/Infanta_Cristina_0004.jpg""",Genuine,0.9812,0.835,NO,??,??,Face Beautification,Relax You Pretty,"""DATASET/Beautification/Filter_2_Relax_You_Pretty/Infanta_Cristina_0002.jpg""",??,??,Select,Select,Select,Select,Select,Select,ArcFace,FV_RISE,"""DATASET/Explainability/FR_RISE/Original/Infanta_Cristina_0002_Infanta_Cristina_0004.png"""
"""4""","""DATASET/Original/Probe/Infanta_Cristina_0002.jpg""","""DATASET/Original/Gallery/Infanta_Cristina_0004.jpg""",Genuine,0.9812,0.835,NO,??,??,Face Beautification,Glam Grain,"""DATASET/Beautification/Filter_3_Glam_grain/Infanta_Cristina_0002.jpg""",??,??,Select,Select,Select,Select,Select,Select,ArcFace,FV_RISE,"""DATASET/Explainability/FR_RISE/Original/Infanta_Cristina_0002_Infanta_Cristina_0004.png"""
"""4""","""DATASET/Original/Probe/Infanta_Cristina_0002.jpg""","""DATASET/Original/Gallery/Infanta_Cristina_0004.jpg""",Genuine,0.9812,0.835,NO,??,??,Face Coding,Select,Select,Select,Select,JPEG at 10 QF,29.95,0.9493,"""DATASET/Coding/JPEG/JPEG_Q=10/Infanta_Cristina_0002.png""",??,??,ArcFace,FV_RISE,"""DATASET/Explainability/FR_RISE/Coding/JPEG/JPEG_Q=10/Infanta_Cristina_0002_Infanta_Cristina_0004.png"""
"""4""","""DATASET/Original/Probe/Infanta_Cristina_0002.jpg""","""DATASET/Original/Gallery/Infanta_Cristina_0004.jpg""",Genuine,0.9812,0.835,NO,??,??,Face Coding,Select,Select,Select,Select,JPEG at 25 QF,33.73,0.9805,"""DATASET/Coding/JPEG/JPEG_Q=25/Infanta_Cristina_0002.png""",??,??,ArcFace,FV_RISE,"""DATASET/Explainability/FR_RISE/Coding/JPEG/JPEG_Q=25/Infanta_Cristina_0002_Infanta_Cristina_0004.png"""
"""4""","""DATASET/Original/Probe/Infanta_Cristina_0002.jpg""","""DATASET/Original/Gallery/Infanta_Cristina_0004.jpg""",Genuine,0.9812,0.835,NO,??,??,Face Coding,Select,Select,Select,Select,JPEG at 45 QF,36.9,0.9902,"""DATASET/Coding/JPEG/JPEG_Q=45/Infanta_Cristina_0002.png""",??,??,ArcFace,FV_RISE,"""DATASET/Explainability/FR_RISE/Coding/JPEG/JPEG_Q=45/Infanta_Cristina_0002_Infanta_Cristina_0004.png"""
"""4""","""DATASET/Original/Probe/Infanta_Cristina_0002.jpg""","""DATASET/Original/Gallery/Infanta_Cristina_0004.jpg""",Genuine,0.9812,0.835,NO,??,??,Face Coding,Select,Select,Select,Select,JPEG at 75 QF,44.53,0.9982,"""DATASET/Coding/JPEG/JPEG_Q=75/Infanta_Cristina_0002.png""",??,??,ArcFace,FV_RISE,"""DATASET/Explainability/FR_RISE/Coding/JPEG/JPEG_Q=75/Infanta_Cristina_0002_Infanta_Cristina_0004.png"""
"""4""","""DATASET/Original/Probe/Infanta_Cristina_0002.jpg""","""DATASET/Original/Gallery/Infanta_Cristina_0004.jpg""",Genuine,0.9812,0.835,NO,??,??,Face Coding,Select,Select,Select,Select,JPEG AI at 0.06 bpp,31.7,0.9641,"""DATASET/Coding/JPEG_AI/JPEG_AI_BR=0.06/Infanta_Cristina_0002.png""",??,??,ArcFace,FV_RISE,"""DATASET/Explainability/FR_RISE/Coding/JPEG_AI/JPEG_AI_BR=0.06/Infanta_Cristina_0002_Infanta_Cristina_0004.png"""
"""4""","""DATASET/Original/Probe/Infanta_Cristina_0002.jpg""","""DATASET/Original/Gallery/Infanta_Cristina_0004.jpg""",Genuine,0.9812,0.835,NO,??,??,Face Coding,Select,Select,Select,Select,JPEG AI at 0.12 bpp,33.94,0.9828,"""DATASET/Coding/JPEG_AI/JPEG_AI_BR=0.12/Infanta_Cristina_0002.png""",??,??,ArcFace,FV_RISE,"""DATASET/Explainability/FR_RISE/Coding/JPEG_AI/JPEG_AI_BR=0.12/Infanta_Cristina_0002_Infanta_Cristina_0004.png"""
"""4""","""DATASET/Original/Probe/Infanta_Cristina_0002.jpg""","""DATASET/Original/Gallery/Infanta_Cristina_0004.jpg""",Genuine,0.9812,0.835,NO,??,??,Face Coding,Select,Select,Select,Select,JPEG AI at 0.25 bpp,35.37,0.9893,"""DATASET/Coding/JPEG_AI/JPEG_AI_BR=0.25/Infanta_Cristina_0002.png""",??,??,ArcFace,FV_RISE,"""DATASET/Explainability/FR_RISE/Coding/JPEG_AI/JPEG_AI_BR=0.25/Infanta_Cristina_0002_Infanta_Cristina_0004.png"""
"""4""","""DATASET/Original/Probe/Infanta_Cristina_0002.jpg""","""DATASET/Original/Gallery/Infanta_Cristina_0004.jpg""",Genuine,0.9812,0.835,NO,??,??,Face Coding,Select,Select,Select,Select,JPEG AI at 0.50 bpp,38.17,0.996,"""DATASET/Coding/JPEG_AI/JPEG_AI_BR=0.50/Infanta_Cristina_0002.png""",??,??,ArcFace,FV_RISE,"""DATASET/Explainability/FR_RISE/Coding/JPEG_AI/JPEG_AI_BR=0.50/Infanta_Cristina_0002_Infanta_Cristina_0004.png"""
"""4""","""DATASET/Original/Probe/Infanta_Cristina_0002.jpg""","""DATASET/Original/Gallery/Infanta_Cristina_0004.jpg""",Genuine,0.9812,0.835,NO,??,??,Face Coding,Select,Select,Select,Select,JPEG AI at 0.75 bpp,39.51,0.9975,"""DATASET/Coding/JPEG_AI/JPEG_AI_BR=0.75/Infanta_Cristina_0002.png""",??,??,ArcFace,FV_RISE,"""DATASET/Explainability/FR_RISE/Coding/JPEG_AI/JPEG_AI_BR=0.75/Infanta_Cristina_0002_Infanta_Cristina_0004.png"""
"""5""","""DATASET/Original/Probe/Jane_Kaczmarek_0004.jpg""","""DATASET/Original/Gallery/Jane_Kaczmarek_0003.jpg""",Genuine,1.0021,0.835,NO,False Negative,Dissimilarity Map,Select,Select,Select,Select,Select,Select,Select,Select,Select,Select,Select,ArcFace,FV_RISE,"""DATASET/Explainability/FR_RISE/Original/Jane_Kaczmarek_0004_Jane_Kaczmarek_0003.png"""
"""5""","""DATASET/Original/Probe/Jane_Kaczmarek_0004.jpg""","""DATASET/Original/Gallery/Jane_Kaczmarek_0003.jpg""",Genuine,1.0021,0.835,NO,??,??,Face Beautification,Select,Select,Select,Select,Select,Select,Select,Select,Select,Select,ArcFace,FV_RISE,"""DATASET/Explainability/FR_RISE/Original/Jane_Kaczmarek_0004_Jane_Kaczmarek_0003.png"""
"""5""","""DATASET/Original/Probe/Jane_Kaczmarek_0004.jpg""","""DATASET/Original/Gallery/Jane_Kaczmarek_0003.jpg""",Genuine,1.0021,0.835,NO,??,??,Face Coding,Select,Select,Select,Select,Select,Select,Select,Select,Select,Select,ArcFace,FV_RISE,"""DATASET/Explainability/FR_RISE/Original/Jane_Kaczmarek_0004_Jane_Kaczmarek_0003.png"""
"""5""","""DATASET/Original/Probe/Jane_Kaczmarek_0004.jpg""","""DATASET/Original/Gallery/Jane_Kaczmarek_0003.jpg""",Genuine,1.0021,0.835,NO,??,??,Face Beautification,Thinner Face,"""DATASET/Beautification/Filter_1_Thinner_face/Jane_Kaczmarek_0004.jpg""",??,??,Select,Select,Select,Select,Select,Select,ArcFace,FV_RISE,"""DATASET/Explainability/FR_RISE/Original/Jane_Kaczmarek_0004_Jane_Kaczmarek_0003.png"""
"""5""","""DATASET/Original/Probe/Jane_Kaczmarek_0004.jpg""","""DATASET/Original/Gallery/Jane_Kaczmarek_0003.jpg""",Genuine,1.0021,0.835,NO,??,??,Face Beautification,Relax You Pretty,"""DATASET/Beautification/Filter_2_Relax_You_Pretty/Jane_Kaczmarek_0004.jpg""",??,??,Select,Select,Select,Select,Select,Select,ArcFace,FV_RISE,"""DATASET/Explainability/FR_RISE/Original/Jane_Kaczmarek_0004_Jane_Kaczmarek_0003.png"""
"""5""","""DATASET/Original/Probe/Jane_Kaczmarek_0004.jpg""","""DATASET/Original/Gallery/Jane_Kaczmarek_0003.jpg""",Genuine,1.0021,0.835,NO,??,??,Face Beautification,Glam Grain,"""DATASET/Beautification/Filter_3_Glam_grain/Jane_Kaczmarek_0004.jpg""",??,??,Select,Select,Select,Select,Select,Select,ArcFace,FV_RISE,"""DATASET/Explainability/FR_RISE/Original/Jane_Kaczmarek_0004_Jane_Kaczmarek_0003.png"""
"""5""","""DATASET/Original/Probe/Jane_Kaczmarek_0004.jpg""","""DATASET/Original/Gallery/Jane_Kaczmarek_0003.jpg""",Genuine,1.0021,0.835,NO,??,??,Face Coding,Select,Select,Select,Select,JPEG at 10 QF,30.15,0.9598,"""DATASET/Coding/JPEG/JPEG_Q=10/Jane_Kaczmarek_0004.png""",??,??,ArcFace,FV_RISE,"""DATASET/Explainability/FR_RISE/Coding/JPEG/JPEG_Q=10/Jane_Kaczmarek_0004_Jane_Kaczmarek_0003.png"""
"""5""","""DATASET/Original/Probe/Jane_Kaczmarek_0004.jpg""","""DATASET/Original/Gallery/Jane_Kaczmarek_0003.jpg""",Genuine,1.0021,0.835,NO,??,??,Face Coding,Select,Select,Select,Select,JPEG at 25 QF,35.17,0.985,"""DATASET/Coding/JPEG/JPEG_Q=25/Jane_Kaczmarek_0004.png""",??,??,ArcFace,FV_RISE,"""DATASET/Explainability/FR_RISE/Coding/JPEG/JPEG_Q=25/Jane_Kaczmarek_0004_Jane_Kaczmarek_0003.png"""
"""5""","""DATASET/Original/Probe/Jane_Kaczmarek_0004.jpg""","""DATASET/Original/Gallery/Jane_Kaczmarek_0003.jpg""",Genuine,1.0021,0.835,NO,??,??,Face Coding,Select,Select,Select,Select,JPEG at 45 QF,38.74,0.993,"""DATASET/Coding/JPEG/JPEG_Q=45/Jane_Kaczmarek_0004.png""",??,??,ArcFace,FV_RISE,"""DATASET/Explainability/FR_RISE/Coding/JPEG/JPEG_Q=45/Jane_Kaczmarek_0004_Jane_Kaczmarek_0003.png"""
"""5""","""DATASET/Original/Probe/Jane_Kaczmarek_0004.jpg""","""DATASET/Original/Gallery/Jane_Kaczmarek_0003.jpg""",Genuine,1.0021,0.835,NO,??,??,Face Coding,Select,Select,Select,Select,JPEG at 75 QF,46,0.9986,"""DATASET/Coding/JPEG/JPEG_Q=75/Jane_Kaczmarek_0004.png""",??,??,ArcFace,FV_RISE,"""DATASET/Explainability/FR_RISE/Coding/JPEG/JPEG_Q=75/Jane_Kaczmarek_0004_Jane_Kaczmarek_0003.png"""
"""5""","""DATASET/Original/Probe/Jane_Kaczmarek_0004.jpg""","""DATASET/Original/Gallery/Jane_Kaczmarek_0003.jpg""",Genuine,1.0021,0.835,NO,??,??,Face Coding,Select,Select,Select,Select,JPEG AI at 0.06 bpp,31.84,0.9684,"""DATASET/Coding/JPEG_AI/JPEG_AI_BR=0.06/Jane_Kaczmarek_0004.png""",??,??,ArcFace,FV_RISE,"""DATASET/Explainability/FR_RISE/Coding/JPEG_AI/JPEG_AI_BR=0.06/Jane_Kaczmarek_0004_Jane_Kaczmarek_0003.png"""
"""5""","""DATASET/Original/Probe/Jane_Kaczmarek_0004.jpg""","""DATASET/Original/Gallery/Jane_Kaczmarek_0003.jpg""",Genuine,1.0021,0.835,NO,??,??,Face Coding,Select,Select,Select,Select,JPEG AI at 0.12 bpp,34.8,0.9858,"""DATASET/Coding/JPEG_AI/JPEG_AI_BR=0.12/Jane_Kaczmarek_0004.png""",??,??,ArcFace,FV_RISE,"""DATASET/Explainability/FR_RISE/Coding/JPEG_AI/JPEG_AI_BR=0.12/Jane_Kaczmarek_0004_Jane_Kaczmarek_0003.png"""
"""5""","""DATASET/Original/Probe/Jane_Kaczmarek_0004.jpg""","""DATASET/Original/Gallery/Jane_Kaczmarek_0003.jpg""",Genuine,1.0021,0.835,NO,??,??,Face Coding,Select,Select,Select,Select,JPEG AI at 0.25 bpp,36.76,0.9918,"""DATASET/Coding/JPEG_AI/JPEG_AI_BR=0.25/Jane_Kaczmarek_0004.png""",??,??,ArcFace,FV_RISE,"""DATASET/Explainability/FR_RISE/Coding/JPEG_AI/JPEG_AI_BR=0.25/Jane_Kaczmarek_0004_Jane_Kaczmarek_0003.png"""
"""5""","""DATASET/Original/Probe/Jane_Kaczmarek_0004.jpg""","""DATASET/Original/Gallery/Jane_Kaczmarek_0003.jpg""",Genuine,1.0021,0.835,NO,??,??,Face Coding,Select,Select,Select,Select,JPEG AI at 0.50 bpp,40.16,0.997,"""DATASET/Coding/JPEG_AI/JPEG_AI_BR=0.50/Jane_Kaczmarek_0004.png""",??,??,ArcFace,FV_RISE,"""DATASET/Explainability/FR_RISE/Coding/JPEG_AI/JPEG_AI_BR=0.50/Jane_Kaczmarek_0004_Jane_Kaczmarek_0003.png"""
"""5""","""DATASET/Original/Probe/Jane_Kaczmarek_0004.jpg""","""DATASET/Original/Gallery/Jane_Kaczmarek_0003.jpg""",Genuine,1.0021,0.835,NO,??,??,Face Coding,Select,Select,Select,Select,JPEG AI at 0.75 bpp,41.89,0.9981,"""DATASET/Coding/JPEG_AI/JPEG_AI_BR=0.75/Jane_Kaczmarek_0004.png""",??,??,ArcFace,FV_RISE,"""DATASET/Explainability/FR_RISE/Coding/JPEG_AI/JPEG_AI_BR=0.75/Jane_Kaczmarek_0004_Jane_Kaczmarek_0003.png"""
"""6""","""DATASET/Original/Probe/Michelle_Kwan_0002.jpg""","""DATASET/Original/Gallery/Michelle_Kwan_0001.jpg""",Genuine,0.6797,0.835,YES,True Positive,Similarity Map,Select,Select,Select,Select,Select,Select,Select,Select,Select,Select,Select,ArcFace,FV_RISE,"""DATASET/Explainability/FR_RISE/Original/Michelle_Kwan_0002_Michelle_Kwan_0001.png"""
"""6""","""DATASET/Original/Probe/Michelle_Kwan_0002.jpg""","""DATASET/Original/Gallery/Michelle_Kwan_0001.jpg""",Genuine,0.6797,0.835,YES,??,??,Face Beautification,Select,Select,Select,Select,Select,Select,Select,Select,Select,Select,ArcFace,FV_RISE,"""DATASET/Explainability/FR_RISE/Original/Michelle_Kwan_0002_Michelle_Kwan_0001.png"""
"""6""","""DATASET/Original/Probe/Michelle_Kwan_0002.jpg""","""DATASET/Original/Gallery/Michelle_Kwan_0001.jpg""",Genuine,0.6797,0.835,YES,??,??,Face Coding,Select,Select,Select,Select,Select,Select,Select,Select,Select,Select,ArcFace,FV_RISE,"""DATASET/Explainability/FR_RISE/Original/Michelle_Kwan_0002_Michelle_Kwan_0001.png"""
"""6""","""DATASET/Original/Probe/Michelle_Kwan_0002.jpg""","""DATASET/Original/Gallery/Michelle_Kwan_0001.jpg""",Genuine,0.6797,0.835,YES,??,??,Face Beautification,Thinner Face,"""DATASET/Beautification/Filter_1_Thinner_face/Michelle_Kwan_0002.jpg""",??,??,Select,Select,Select,Select,Select,Select,ArcFace,FV_RISE,"""DATASET/Explainability/FR_RISE/Original/Michelle_Kwan_0002_Michelle_Kwan_0001.png"""
"""6""","""DATASET/Original/Probe/Michelle_Kwan_0002.jpg""","""DATASET/Original/Gallery/Michelle_Kwan_0001.jpg""",Genuine,0.6797,0.835,YES,??,??,Face Beautification,Relax You Pretty,"""DATASET/Beautification/Filter_2_Relax_You_Pretty/Michelle_Kwan_0002.jpg""",??,??,Select,Select,Select,Select,Select,Select,ArcFace,FV_RISE,"""DATASET/Explainability/FR_RISE/Original/Michelle_Kwan_0002_Michelle_Kwan_0001.png"""
"""6""","""DATASET/Original/Probe/Michelle_Kwan_0002.jpg""","""DATASET/Original/Gallery/Michelle_Kwan_0001.jpg""",Genuine,0.6797,0.835,YES,??,??,Face Beautification,Glam Grain,"""DATASET/Beautification/Filter_3_Glam_grain/Michelle_Kwan_0002.jpg""",??,??,Select,Select,Select,Select,Select,Select,ArcFace,FV_RISE,"""DATASET/Explainability/FR_RISE/Original/Michelle_Kwan_0002_Michelle_Kwan_0001.png"""
"""6""","""DATASET/Original/Probe/Michelle_Kwan_0002.jpg""","""DATASET/Original/Gallery/Michelle_Kwan_0001.jpg""",Genuine,0.6797,0.835,YES,??,??,Face Coding,Select,Select,Select,Select,JPEG at 10 QF,28.31,0.9521,"""DATASET/Coding/JPEG/JPEG_Q=10/Michelle_Kwan_0002.png""",??,??,ArcFace,FV_RISE,"""DATASET/Explainability/FR_RISE/Coding/JPEG/JPEG_Q=10/Michelle_Kwan_0002_Michelle_Kwan_0001.png"""
"""6""","""DATASET/Original/Probe/Michelle_Kwan_0002.jpg""","""DATASET/Original/Gallery/Michelle_Kwan_0001.jpg""",Genuine,0.6797,0.835,YES,??,??,Face Coding,Select,Select,Select,Select,JPEG at 25 QF,32.55,0.9825,"""DATASET/Coding/JPEG/JPEG_Q=25/Michelle_Kwan_0002.png""",??,??,ArcFace,FV_RISE,"""DATASET/Explainability/FR_RISE/Coding/JPEG/JPEG_Q=25/Michelle_Kwan_0002_Michelle_Kwan_0001.png"""
"""6""","""DATASET/Original/Probe/Michelle_Kwan_0002.jpg""","""DATASET/Original/Gallery/Michelle_Kwan_0001.jpg""",Genuine,0.6797,0.835,YES,??,??,Face Coding,Select,Select,Select,Select,JPEG at 45 QF,35.7,0.9911,"""DATASET/Coding/JPEG/JPEG_Q=45/Michelle_Kwan_0002.png""",??,??,ArcFace,FV_RISE,"""DATASET/Explainability/FR_RISE/Coding/JPEG/JPEG_Q=45/Michelle_Kwan_0002_Michelle_Kwan_0001.png"""
"""6""","""DATASET/Original/Probe/Michelle_Kwan_0002.jpg""","""DATASET/Original/Gallery/Michelle_Kwan_0001.jpg""",Genuine,0.6797,0.835,YES,??,??,Face Coding,Select,Select,Select,Select,JPEG at 75 QF,43.53,0.9984,"""DATASET/Coding/JPEG/JPEG_Q=75/Michelle_Kwan_0002.png""",??,??,ArcFace,FV_RISE,"""DATASET/Explainability/FR_RISE/Coding/JPEG/JPEG_Q=75/Michelle_Kwan_0002_Michelle_Kwan_0001.png"""
"""6""","""DATASET/Original/Probe/Michelle_Kwan_0002.jpg""","""DATASET/Original/Gallery/Michelle_Kwan_0001.jpg""",Genuine,0.6797,0.835,YES,??,??,Face Coding,Select,Select,Select,Select,JPEG AI at 0.06 bpp,29.84,0.9666,"""DATASET/Coding/JPEG_AI/JPEG_AI_BR=0.06/Michelle_Kwan_0002.png""",??,??,ArcFace,FV_RISE,"""DATASET/Explainability/FR_RISE/Coding/JPEG_AI/JPEG_AI_BR=0.06/Michelle_Kwan_0002_Michelle_Kwan_0001.png"""
"""6""","""DATASET/Original/Probe/Michelle_Kwan_0002.jpg""","""DATASET/Original/Gallery/Michelle_Kwan_0001.jpg""",Genuine,0.6797,0.835,YES,??,??,Face Coding,Select,Select,Select,Select,JPEG AI at 0.12 bpp,32.58,0.9849,"""DATASET/Coding/JPEG_AI/JPEG_AI_BR=0.12/Michelle_Kwan_0002.png""",??,??,ArcFace,FV_RISE,"""DATASET/Explainability/FR_RISE/Coding/JPEG_AI/JPEG_AI_BR=0.12/Michelle_Kwan_0002_Michelle_Kwan_0001.png"""
"""6""","""DATASET/Original/Probe/Michelle_Kwan_0002.jpg""","""DATASET/Original/Gallery/Michelle_Kwan_0001.jpg""",Genuine,0.6797,0.835,YES,??,??,Face Coding,Select,Select,Select,Select,JPEG AI at 0.25 bpp,34.18,0.9905,"""DATASET/Coding/JPEG_AI/JPEG_AI_BR=0.25/Michelle_Kwan_0002.png""",??,??,ArcFace,FV_RISE,"""DATASET/Explainability/FR_RISE/Coding/JPEG_AI/JPEG_AI_BR=0.25/Michelle_Kwan_0002_Michelle_Kwan_0001.png"""
"""6""","""DATASET/Original/Probe/Michelle_Kwan_0002.jpg""","""DATASET/Original/Gallery/Michelle_Kwan_0001.jpg""",Genuine,0.6797,0.835,YES,??,??,Face Coding,Select,Select,Select,Select,JPEG AI at 0.50 bpp,36.71,0.9961,"""DATASET/Coding/JPEG_AI/JPEG_AI_BR=0.50/Michelle_Kwan_0002.png""",??,??,ArcFace,FV_RISE,"""DATASET/Explainability/FR_RISE/Coding/JPEG_AI/JPEG_AI_BR=0.50/Michelle_Kwan_0002_Michelle_Kwan_0001.png"""
"""6""","""DATASET/Original/Probe/Michelle_Kwan_0002.jpg""","""DATASET/Original/Gallery/Michelle_Kwan_0001.jpg""",Genuine,0.6797,0.835,YES,??,??,Face Coding,Select,Select,Select,Select,JPEG AI at 0.75 bpp,37.73,0.9972,"""DATASET/Coding/JPEG_AI/JPEG_AI_BR=0.75/Michelle_Kwan_0002.png""",??,??,ArcFace,FV_RISE,"""DATASET/Explainability/FR_RISE/Coding/JPEG_AI/JPEG_AI_BR=0.75/Michelle_Kwan_0002_Michelle_Kwan_0001.png"""
"""7""","""DATASET/Original/Probe/Ashton_Kutcher_0003.jpg""","""DATASET/Original/Gallery/Kit_Bond_0001.jpg""",Impostors,0.9153,0.835,NO,True Negative,Dissimilarity Map,Select,Select,Select,Select,Select,Select,Select,Select,Select,Select,Select,ArcFace,FV_RISE,"""DATASET/Explainability/FR_RISE/Original/Ashton_Kutcher_0003_Kit_Bond_0001.png"""
"""7""","""DATASET/Original/Probe/Ashton_Kutcher_0003.jpg""","""DATASET/Original/Gallery/Kit_Bond_0001.jpg""",Impostors,0.9153,0.835,NO,??,??,Face Beautification,Select,Select,Select,Select,Select,Select,Select,Select,Select,Select,ArcFace,FV_RISE,"""DATASET/Explainability/FR_RISE/Original/Ashton_Kutcher_0003_Kit_Bond_0001.png"""
"""7""","""DATASET/Original/Probe/Ashton_Kutcher_0003.jpg""","""DATASET/Original/Gallery/Kit_Bond_0001.jpg""",Impostors,0.9153,0.835,NO,??,??,Face Coding,Select,Select,Select,Select,Select,Select,Select,Select,Select,Select,ArcFace,FV_RISE,"""DATASET/Explainability/FR_RISE/Original/Ashton_Kutcher_0003_Kit_Bond_0001.png"""
"""7""","""DATASET/Original/Probe/Ashton_Kutcher_0003.jpg""","""DATASET/Original/Gallery/Kit_Bond_0001.jpg""",Impostors,0.9153,0.835,NO,??,??,Face Beautification,Thinner Face,"""DATASET/Beautification/Filter_1_Thinner_face/Ashton_Kutcher_0003.jpg""",??,??,Select,Select,Select,Select,Select,Select,ArcFace,FV_RISE,"""DATASET/Explainability/FR_RISE/Original/Ashton_Kutcher_0003_Kit_Bond_0001.png"""
"""7""","""DATASET/Original/Probe/Ashton_Kutcher_0003.jpg""","""DATASET/Original/Gallery/Kit_Bond_0001.jpg""",Impostors,0.9153,0.835,NO,??,??,Face Beautification,Relax You Pretty,"""DATASET/Beautification/Filter_2_Relax_You_Pretty/Ashton_Kutcher_0003.jpg""",??,??,Select,Select,Select,Select,Select,Select,ArcFace,FV_RISE,"""DATASET/Explainability/FR_RISE/Original/Ashton_Kutcher_0003_Kit_Bond_0001.png"""
"""7""","""DATASET/Original/Probe/Ashton_Kutcher_0003.jpg""","""DATASET/Original/Gallery/Kit_Bond_0001.jpg""",Impostors,0.9153,0.835,NO,??,??,Face Beautification,Glam Grain,"""DATASET/Beautification/Filter_3_Glam_grain/Ashton_Kutcher_0003.jpg""",??,??,Select,Select,Select,Select,Select,Select,ArcFace,FV_RISE,"""DATASET/Explainability/FR_RISE/Original/Ashton_Kutcher_0003_Kit_Bond_0001.png"""
"""7""","""DATASET/Original/Probe/Ashton_Kutcher_0003.jpg""","""DATASET/Original/Gallery/Kit_Bond_0001.jpg""",Impostors,0.9153,0.835,NO,??,??,Face Coding,Select,Select,Select,Select,JPEG at 10 QF,30.71,0.9461,"""DATASET/Coding/JPEG/JPEG_Q=10/Ashton_Kutcher_0003.png""",??,??,ArcFace,FV_RISE,"""DATASET/Explainability/FR_RISE/Coding/JPEG/JPEG_Q=10/Ashton_Kutcher_0003_Kit_Bond_0001.png"""
"""7""","""DATASET/Original/Probe/Ashton_Kutcher_0003.jpg""","""DATASET/Original/Gallery/Kit_Bond_0001.jpg""",Impostors,0.9153,0.835,NO,??,??,Face Coding,Select,Select,Select,Select,JPEG at 25 QF,34.62,0.9784,"""DATASET/Coding/JPEG/JPEG_Q=25/Ashton_Kutcher_0003.png""",??,??,ArcFace,FV_RISE,"""DATASET/Explainability/FR_RISE/Coding/JPEG/JPEG_Q=25/Ashton_Kutcher_0003_Kit_Bond_0001.png"""
"""7""","""DATASET/Original/Probe/Ashton_Kutcher_0003.jpg""","""DATASET/Original/Gallery/Kit_Bond_0001.jpg""",Impostors,0.9153,0.835,NO,??,??,Face Coding,Select,Select,Select,Select,JPEG at 45 QF,38.13,0.9892,"""DATASET/Coding/JPEG/JPEG_Q=45/Ashton_Kutcher_0003.png""",??,??,ArcFace,FV_RISE,"""DATASET/Explainability/FR_RISE/Coding/JPEG/JPEG_Q=45/Ashton_Kutcher_0003_Kit_Bond_0001.png"""
"""7""","""DATASET/Original/Probe/Ashton_Kutcher_0003.jpg""","""DATASET/Original/Gallery/Kit_Bond_0001.jpg""",Impostors,0.9153,0.835,NO,??,??,Face Coding,Select,Select,Select,Select,JPEG at 75 QF,45.13,0.998,"""DATASET/Coding/JPEG/JPEG_Q=75/Ashton_Kutcher_0003.png""",??,??,ArcFace,FV_RISE,"""DATASET/Explainability/FR_RISE/Coding/JPEG/JPEG_Q=75/Ashton_Kutcher_0003_Kit_Bond_0001.png"""
"""7""","""DATASET/Original/Probe/Ashton_Kutcher_0003.jpg""","""DATASET/Original/Gallery/Kit_Bond_0001.jpg""",Impostors,0.9153,0.835,NO,??,??,Face Coding,Select,Select,Select,Select,JPEG AI at 0.06 bpp,33.23,0.9696,"""DATASET/Coding/JPEG_AI/JPEG_AI_BR=0.06/Ashton_Kutcher_0003.png""",??,??,ArcFace,FV_RISE,"""DATASET/Explainability/FR_RISE/Coding/JPEG_AI/JPEG_AI_BR=0.06/Ashton_Kutcher_0003_Kit_Bond_0001.png"""
"""7""","""DATASET/Original/Probe/Ashton_Kutcher_0003.jpg""","""DATASET/Original/Gallery/Kit_Bond_0001.jpg""",Impostors,0.9153,0.835,NO,??,??,Face Coding,Select,Select,Select,Select,JPEG AI at 0.12 bpp,36.03,0.9857,"""DATASET/Coding/JPEG_AI/JPEG_AI_BR=0.12/Ashton_Kutcher_0003.png""",??,??,ArcFace,FV_RISE,"""DATASET/Explainability/FR_RISE/Coding/JPEG_AI/JPEG_AI_BR=0.12/Ashton_Kutcher_0003_Kit_Bond_0001.png"""
"""7""","""DATASET/Original/Probe/Ashton_Kutcher_0003.jpg""","""DATASET/Original/Gallery/Kit_Bond_0001.jpg""",Impostors,0.9153,0.835,NO,??,??,Face Coding,Select,Select,Select,Select,JPEG AI at 0.25 bpp,37.66,0.9912,"""DATASET/Coding/JPEG_AI/JPEG_AI_BR=0.25/Ashton_Kutcher_0003.png""",??,??,ArcFace,FV_RISE,"""DATASET/Explainability/FR_RISE/Coding/JPEG_AI/JPEG_AI_BR=0.25/Ashton_Kutcher_0003_Kit_Bond_0001.png"""
"""7""","""DATASET/Original/Probe/Ashton_Kutcher_0003.jpg""","""DATASET/Original/Gallery/Kit_Bond_0001.jpg""",Impostors,0.9153,0.835,NO,??,??,Face Coding,Select,Select,Select,Select,JPEG AI at 0.50 bpp,39.86,0.9961,"""DATASET/Coding/JPEG_AI/JPEG_AI_BR=0.50/Ashton_Kutcher_0003.png""",??,??,ArcFace,FV_RISE,"""DATASET/Explainability/FR_RISE/Coding/JPEG_AI/JPEG_AI_BR=0.50/Ashton_Kutcher_0003_Kit_Bond_0001.png"""
"""7""","""DATASET/Original/Probe/Ashton_Kutcher_0003.jpg""","""DATASET/Original/Gallery/Kit_Bond_0001.jpg""",Impostors,0.9153,0.835,NO,??,??,Face Coding,Select,Select,Select,Select,JPEG AI at 0.75 bpp,41.15,0.9973,"""DATASET/Coding/JPEG_AI/JPEG_AI_BR=0.75/Ashton_Kutcher_0003.png""",??,??,ArcFace,FV_RISE,"""DATASET/Explainability/FR_RISE/Coding/JPEG_AI/JPEG_AI_BR=0.75/Ashton_Kutcher_0003_Kit_Bond_0001.png"""
"""8""","""DATASET/Original/Probe/Harrison_Ford_0001.jpg""","""DATASET/Original/Gallery/Andy_Benes_0002.jpg""",Impostors,0.8268,0.835,YES,False Positive,Similarity Map,Select,Select,Select,Select,Select,Select,Select,Select,Select,Select,Select,ArcFace,FV_RISE,"""DATASET/Explainability/FR_RISE/Original/Harrison_Ford_0001_Andy_Benes_0002.png"""
"""8""","""DATASET/Original/Probe/Harrison_Ford_0001.jpg""","""DATASET/Original/Gallery/Andy_Benes_0002.jpg""",Impostors,0.8268,0.835,YES,??,??,Face Beautification,Select,Select,Select,Select,Select,Select,Select,Select,Select,Select,ArcFace,FV_RISE,"""DATASET/Explainability/FR_RISE/Original/Harrison_Ford_0001_Andy_Benes_0002.png"""
"""8""","""DATASET/Original/Probe/Harrison_Ford_0001.jpg""","""DATASET/Original/Gallery/Andy_Benes_0002.jpg""",Impostors,0.8268,0.835,YES,??,??,Face Coding,Select,Select,Select,Select,Select,Select,Select,Select,Select,Select,ArcFace,FV_RISE,"""DATASET/Explainability/FR_RISE/Original/Harrison_Ford_0001_Andy_Benes_0002.png"""
"""8""","""DATASET/Original/Probe/Harrison_Ford_0001.jpg""","""DATASET/Original/Gallery/Andy_Benes_0002.jpg""",Impostors,0.8268,0.835,YES,??,??,Face Beautification,Thinner Face,"""DATASET/Beautification/Filter_1_Thinner_face/Harrison_Ford_0001.jpg""",??,??,Select,Select,Select,Select,Select,Select,ArcFace,FV_RISE,"""DATASET/Explainability/FR_RISE/Original/Harrison_Ford_0001_Andy_Benes_0002.png"""
"""8""","""DATASET/Original/Probe/Harrison_Ford_0001.jpg""","""DATASET/Original/Gallery/Andy_Benes_0002.jpg""",Impostors,0.8268,0.835,YES,??,??,Face Beautification,Relax You Pretty,"""DATASET/Beautification/Filter_2_Relax_You_Pretty/Harrison_Ford_0001.jpg""",??,??,Select,Select,Select,Select,Select,Select,ArcFace,FV_RISE,"""DATASET/Explainability/FR_RISE/Original/Harrison_Ford_0001_Andy_Benes_0002.png"""
"""8""","""DATASET/Original/Probe/Harrison_Ford_0001.jpg""","""DATASET/Original/Gallery/Andy_Benes_0002.jpg""",Impostors,0.8268,0.835,YES,??,??,Face Beautification,Glam Grain,"""DATASET/Beautification/Filter_3_Glam_grain/Harrison_Ford_0001.jpg""",??,??,Select,Select,Select,Select,Select,Select,ArcFace,FV_RISE,"""DATASET/Explainability/FR_RISE/Original/Harrison_Ford_0001_Andy_Benes_0002.png"""
"""8""","""DATASET/Original/Probe/Harrison_Ford_0001.jpg""","""DATASET/Original/Gallery/Andy_Benes_0002.jpg""",Impostors,0.8268,0.835,YES,??,??,Face Coding,Select,Select,Select,Select,JPEG at 10 QF,30.34,0.9619,"""DATASET/Coding/JPEG/JPEG_Q=10/Harrison_Ford_0001.png""",??,??,ArcFace,FV_RISE,"""DATASET/Explainability/FR_RISE/Coding/JPEG/JPEG_Q=10/Harrison_Ford_0001_Andy_Benes_0002.png"""
"""8""","""DATASET/Original/Probe/Harrison_Ford_0001.jpg""","""DATASET/Original/Gallery/Andy_Benes_0002.jpg""",Impostors,0.8268,0.835,YES,??,??,Face Coding,Select,Select,Select,Select,JPEG at 25 QF,35.31,0.9854,"""DATASET/Coding/JPEG/JPEG_Q=25/Harrison_Ford_0001.png""",??,??,ArcFace,FV_RISE,"""DATASET/Explainability/FR_RISE/Coding/JPEG/JPEG_Q=25/Harrison_Ford_0001_Andy_Benes_0002.png"""
"""8""","""DATASET/Original/Probe/Harrison_Ford_0001.jpg""","""DATASET/Original/Gallery/Andy_Benes_0002.jpg""",Impostors,0.8268,0.835,YES,??,??,Face Coding,Select,Select,Select,Select,JPEG at 45 QF,39.27,0.9922,"""DATASET/Coding/JPEG/JPEG_Q=45/Harrison_Ford_0001.png""",??,??,ArcFace,FV_RISE,"""DATASET/Explainability/FR_RISE/Coding/JPEG/JPEG_Q=45/Harrison_Ford_0001_Andy_Benes_0002.png"""
"""8""","""DATASET/Original/Probe/Harrison_Ford_0001.jpg""","""DATASET/Original/Gallery/Andy_Benes_0002.jpg""",Impostors,0.8268,0.835,YES,??,??,Face Coding,Select,Select,Select,Select,JPEG at 75 QF,45.98,0.9984,"""DATASET/Coding/JPEG/JPEG_Q=75/Harrison_Ford_0001.png""",??,??,ArcFace,FV_RISE,"""DATASET/Explainability/FR_RISE/Coding/JPEG/JPEG_Q=75/Harrison_Ford_0001_Andy_Benes_0002.png"""
"""8""","""DATASET/Original/Probe/Harrison_Ford_0001.jpg""","""DATASET/Original/Gallery/Andy_Benes_0002.jpg""",Impostors,0.8268,0.835,YES,??,??,Face Coding,Select,Select,Select,Select,JPEG AI at 0.06 bpp,33.47,0.9801,"""DATASET/Coding/JPEG_AI/JPEG_AI_BR=0.06/Harrison_Ford_0001.png""",??,??,ArcFace,FV_RISE,"""DATASET/Explainability/FR_RISE/Coding/JPEG_AI/JPEG_AI_BR=0.06/Harrison_Ford_0001_Andy_Benes_0002.png"""
"""8""","""DATASET/Original/Probe/Harrison_Ford_0001.jpg""","""DATASET/Original/Gallery/Andy_Benes_0002.jpg""",Impostors,0.8268,0.835,YES,??,??,Face Coding,Select,Select,Select,Select,JPEG AI at 0.12 bpp,36.07,0.9888,"""DATASET/Coding/JPEG_AI/JPEG_AI_BR=0.12/Harrison_Ford_0001.png""",??,??,ArcFace,FV_RISE,"""DATASET/Explainability/FR_RISE/Coding/JPEG_AI/JPEG_AI_BR=0.12/Harrison_Ford_0001_Andy_Benes_0002.png"""
"""8""","""DATASET/Original/Probe/Harrison_Ford_0001.jpg""","""DATASET/Original/Gallery/Andy_Benes_0002.jpg""",Impostors,0.8268,0.835,YES,??,??,Face Coding,Select,Select,Select,Select,JPEG AI at 0.25 bpp,37.77,0.9924,"""DATASET/Coding/JPEG_AI/JPEG_AI_BR=0.25/Harrison_Ford_0001.png""",??,??,ArcFace,FV_RISE,"""DATASET/Explainability/FR_RISE/Coding/JPEG_AI/JPEG_AI_BR=0.25/Harrison_Ford_0001_Andy_Benes_0002.png"""
"""8""","""DATASET/Original/Probe/Harrison_Ford_0001.jpg""","""DATASET/Original/Gallery/Andy_Benes_0002.jpg""",Impostors,0.8268,0.835,YES,??,??,Face Coding,Select,Select,Select,Select,JPEG AI at 0.50 bpp,40.45,0.9968,"""DATASET/Coding/JPEG_AI/JPEG_AI_BR=0.50/Harrison_Ford_0001.png""",??,??,ArcFace,FV_RISE,"""DATASET/Explainability/FR_RISE/Coding/JPEG_AI/JPEG_AI_BR=0.50/Harrison_Ford_0001_Andy_Benes_0002.png"""
"""8""","""DATASET/Original/Probe/Harrison_Ford_0001.jpg""","""DATASET/Original/Gallery/Andy_Benes_0002.jpg""",Impostors,0.8268,0.835,YES,??,??,Face Coding,Select,Select,Select,Select,JPEG AI at 0.75 bpp,41.6,0.9977,"""DATASET/Coding/JPEG_AI/JPEG_AI_BR=0.75/Harrison_Ford_0001.png""",??,??,ArcFace,FV_RISE,"""DATASET/Explainability/FR_RISE/Coding/JPEG_AI/JPEG_AI_BR=0.75/Harrison_Ford_0001_Andy_Benes_0002.png"""
"""9""","""DATASET/Original/Probe/Infanta_Cristina_0002.jpg""","""DATASET/Original/Gallery/Mayumi_Moriyama_0001.jpg""",Impostors,1.0934,0.835,NO,True Negative,Dissimilarity Map,Select,Select,Select,Select,Select,Select,Select,Select,Select,Select,Select,ArcFace,FV_RISE,"""DATASET/Explainability/FR_RISE/Original/Infanta_Cristina_0002_Mayumi_Moriyama_0001.png"""
"""9""","""DATASET/Original/Probe/Infanta_Cristina_0002.jpg""","""DATASET/Original/Gallery/Mayumi_Moriyama_0001.jpg""",Impostors,1.0934,0.835,NO,??,??,Face Beautification,Select,Select,Select,Select,Select,Select,Select,Select,Select,Select,ArcFace,FV_RISE,"""DATASET/Explainability/FR_RISE/Original/Infanta_Cristina_0002_Mayumi_Moriyama_0001.png"""
"""9""","""DATASET/Original/Probe/Infanta_Cristina_0002.jpg""","""DATASET/Original/Gallery/Mayumi_Moriyama_0001.jpg""",Impostors,1.0934,0.835,NO,??,??,Face Coding,Select,Select,Select,Select,Select,Select,Select,Select,Select,Select,ArcFace,FV_RISE,"""DATASET/Explainability/FR_RISE/Original/Infanta_Cristina_0002_Mayumi_Moriyama_0001.png"""
"""9""","""DATASET/Original/Probe/Infanta_Cristina_0002.jpg""","""DATASET/Original/Gallery/Mayumi_Moriyama_0001.jpg""",Impostors,1.0934,0.835,NO,??,??,Face Beautification,Thinner Face,"""DATASET/Beautification/Filter_1_Thinner_face/Infanta_Cristina_0002.jpg""",??,??,Select,Select,Select,Select,Select,Select,ArcFace,FV_RISE,"""DATASET/Explainability/FR_RISE/Original/Infanta_Cristina_0002_Mayumi_Moriyama_0001.png"""
"""9""","""DATASET/Original/Probe/Infanta_Cristina_0002.jpg""","""DATASET/Original/Gallery/Mayumi_Moriyama_0001.jpg""",Impostors,1.0934,0.835,NO,??,??,Face Beautification,Relax You Pretty,"""DATASET/Beautification/Filter_2_Relax_You_Pretty/Infanta_Cristina_0002.jpg""",??,??,Select,Select,Select,Select,Select,Select,ArcFace,FV_RISE,"""DATASET/Explainability/FR_RISE/Original/Infanta_Cristina_0002_Mayumi_Moriyama_0001.png"""
"""9""","""DATASET/Original/Probe/Infanta_Cristina_0002.jpg""","""DATASET/Original/Gallery/Mayumi_Moriyama_0001.jpg""",Impostors,1.0934,0.835,NO,??,??,Face Beautification,Glam Grain,"""DATASET/Beautification/Filter_3_Glam_grain/Infanta_Cristina_0002.jpg""",??,??,Select,Select,Select,Select,Select,Select,ArcFace,FV_RISE,"""DATASET/Explainability/FR_RISE/Original/Infanta_Cristina_0002_Mayumi_Moriyama_0001.png"""
"""9""","""DATASET/Original/Probe/Infanta_Cristina_0002.jpg""","""DATASET/Original/Gallery/Mayumi_Moriyama_0001.jpg""",Impostors,1.0934,0.835,NO,??,??,Face Coding,Select,Select,Select,Select,JPEG at 10 QF,29.95,0.9493,"""DATASET/Coding/JPEG/JPEG_Q=10/Infanta_Cristina_0002.png""",??,??,ArcFace,FV_RISE,"""DATASET/Explainability/FR_RISE/Coding/JPEG/JPEG_Q=10/Infanta_Cristina_0002_Mayumi_Moriyama_0001.png"""
"""9""","""DATASET/Original/Probe/Infanta_Cristina_0002.jpg""","""DATASET/Original/Gallery/Mayumi_Moriyama_0001.jpg""",Impostors,1.0934,0.835,NO,??,??,Face Coding,Select,Select,Select,Select,JPEG at 25 QF,33.73,0.9805,"""DATASET/Coding/JPEG/JPEG_Q=25/Infanta_Cristina_0002.png""",??,??,ArcFace,FV_RISE,"""DATASET/Explainability/FR_RISE/Coding/JPEG/JPEG_Q=25/Infanta_Cristina_0002_Mayumi_Moriyama_0001.png"""
"""9""","""DATASET/Original/Probe/Infanta_Cristina_0002.jpg""","""DATASET/Original/Gallery/Mayumi_Moriyama_0001.jpg""",Impostors,1.0934,0.835,NO,??,??,Face Coding,Select,Select,Select,Select,JPEG at 45 QF,36.9,0.9902,"""DATASET/Coding/JPEG/JPEG_Q=45/Infanta_Cristina_0002.png""",??,??,ArcFace,FV_RISE,"""DATASET/Explainability/FR_RISE/Coding/JPEG/JPEG_Q=45/Infanta_Cristina_0002_Mayumi_Moriyama_0001.png"""
"""9""","""DATASET/Original/Probe/Infanta_Cristina_0002.jpg""","""DATASET/Original/Gallery/Mayumi_Moriyama_0001.jpg""",Impostors,1.0934,0.835,NO,??,??,Face Coding,Select,Select,Select,Select,JPEG at 75 QF,44.53,0.9982,"""DATASET/Coding/JPEG/JPEG_Q=75/Infanta_Cristina_0002.png""",??,??,ArcFace,FV_RISE,"""DATASET/Explainability/FR_RISE/Coding/JPEG/JPEG_Q=75/Infanta_Cristina_0002_Mayumi_Moriyama_0001.png"""
"""9""","""DATASET/Original/Probe/Infanta_Cristina_0002.jpg""","""DATASET/Original/Gallery/Mayumi_Moriyama_0001.jpg""",Impostors,1.0934,0.835,NO,??,??,Face Coding,Select,Select,Select,Select,JPEG AI at 0.06 bpp,31.7,0.9641,"""DATASET/Coding/JPEG_AI/JPEG_AI_BR=0.06/Infanta_Cristina_0002.png""",??,??,ArcFace,FV_RISE,"""DATASET/Explainability/FR_RISE/Coding/JPEG_AI/JPEG_AI_BR=0.06/Infanta_Cristina_0002_Mayumi_Moriyama_0001.png"""
"""9""","""DATASET/Original/Probe/Infanta_Cristina_0002.jpg""","""DATASET/Original/Gallery/Mayumi_Moriyama_0001.jpg""",Impostors,1.0934,0.835,NO,??,??,Face Coding,Select,Select,Select,Select,JPEG AI at 0.12 bpp,33.94,0.9828,"""DATASET/Coding/JPEG_AI/JPEG_AI_BR=0.12/Infanta_Cristina_0002.png""",??,??,ArcFace,FV_RISE,"""DATASET/Explainability/FR_RISE/Coding/JPEG_AI/JPEG_AI_BR=0.12/Infanta_Cristina_0002_Mayumi_Moriyama_0001.png"""
"""9""","""DATASET/Original/Probe/Infanta_Cristina_0002.jpg""","""DATASET/Original/Gallery/Mayumi_Moriyama_0001.jpg""",Impostors,1.0934,0.835,NO,??,??,Face Coding,Select,Select,Select,Select,JPEG AI at 0.25 bpp,35.37,0.9893,"""DATASET/Coding/JPEG_AI/JPEG_AI_BR=0.25/Infanta_Cristina_0002.png""",??,??,ArcFace,FV_RISE,"""DATASET/Explainability/FR_RISE/Coding/JPEG_AI/JPEG_AI_BR=0.25/Infanta_Cristina_0002_Mayumi_Moriyama_0001.png"""
"""9""","""DATASET/Original/Probe/Infanta_Cristina_0002.jpg""","""DATASET/Original/Gallery/Mayumi_Moriyama_0001.jpg""",Impostors,1.0934,0.835,NO,??,??,Face Coding,Select,Select,Select,Select,JPEG AI at 0.50 bpp,38.17,0.996,"""DATASET/Coding/JPEG_AI/JPEG_AI_BR=0.50/Infanta_Cristina_0002.png""",??,??,ArcFace,FV_RISE,"""DATASET/Explainability/FR_RISE/Coding/JPEG_AI/JPEG_AI_BR=0.50/Infanta_Cristina_0002_Mayumi_Moriyama_0001.png"""
"""9""","""DATASET/Original/Probe/Infanta_Cristina_0002.jpg""","""DATASET/Original/Gallery/Mayumi_Moriyama_0001.jpg""",Impostors,1.0934,0.835,NO,??,??,Face Coding,Select,Select,Select,Select,JPEG AI at 0.75 bpp,39.51,0.9975,"""DATASET/Coding/JPEG_AI/JPEG_AI_BR=0.75/Infanta_Cristina_0002.png""",??,??,ArcFace,FV_RISE,"""DATASET/Explainability/FR_RISE/Coding/JPEG_AI/JPEG_AI_BR=0.75/Infanta_Cristina_0002_Mayumi_Moriyama_0001.png"""
"""10""","""DATASET/Original/Probe/Ivana_Trump_0001.jpg""","""DATASET/Original/Gallery/Lorraine_Bracco_0001.jpg""",Impostors,0.824,0.835,YES,False Positive,Similarity Map,Select,Select,Select,Select,Select,Select,Select,Select,Select,Select,Select,ArcFace,FV_RISE,"""DATASET/Explainability/FR_RISE/Original/Ivana_Trump_0001_Lorraine_Bracco_0001.png"""
"""10""","""DATASET/Original/Probe/Ivana_Trump_0001.jpg""","""DATASET/Original/Gallery/Lorraine_Bracco_0001.jpg""",Impostors,0.824,0.835,YES,??,??,Face Beautification,Select,Select,Select,Select,Select,Select,Select,Select,Select,Select,ArcFace,FV_RISE,"""DATASET/Explainability/FR_RISE/Original/Ivana_Trump_0001_Lorraine_Bracco_0001.png"""
"""10""","""DATASET/Original/Probe/Ivana_Trump_0001.jpg""","""DATASET/Original/Gallery/Lorraine_Bracco_0001.jpg""",Impostors,0.824,0.835,YES,??,??,Face Coding,Select,Select,Select,Select,Select,Select,Select,Select,Select,Select,ArcFace,FV_RISE,"""DATASET/Explainability/FR_RISE/Original/Ivana_Trump_0001_Lorraine_Bracco_0001.png"""
"""10""","""DATASET/Original/Probe/Ivana_Trump_0001.jpg""","""DATASET/Original/Gallery/Lorraine_Bracco_0001.jpg""",Impostors,0.824,0.835,YES,??,??,Face Beautification,Thinner Face,"""DATASET/Beautification/Filter_1_Thinner_face/Ivana_Trump_0001.jpg""",??,??,Select,Select,Select,Select,Select,Select,ArcFace,FV_RISE,"""DATASET/Explainability/FR_RISE/Original/Ivana_Trump_0001_Lorraine_Bracco_0001.png"""
"""10""","""DATASET/Original/Probe/Ivana_Trump_0001.jpg""","""DATASET/Original/Gallery/Lorraine_Bracco_0001.jpg""",Impostors,0.824,0.835,YES,??,??,Face Beautification,Relax You Pretty,"""DATASET/Beautification/Filter_2_Relax_You_Pretty/Ivana_Trump_0001.jpg""",??,??,Select,Select,Select,Select,Select,Select,ArcFace,FV_RISE,"""DATASET/Explainability/FR_RISE/Original/Ivana_Trump_0001_Lorraine_Bracco_0001.png"""
"""10""","""DATASET/Original/Probe/Ivana_Trump_0001.jpg""","""DATASET/Original/Gallery/Lorraine_Bracco_0001.jpg""",Impostors,0.824,0.835,YES,??,??,Face Beautification,Glam Grain,"""DATASET/Beautification/Filter_3_Glam_grain/Ivana_Trump_0001.jpg""",??,??,Select,Select,Select,Select,Select,Select,ArcFace,FV_RISE,"""DATASET/Explainability/FR_RISE/Original/Ivana_Trump_0001_Lorraine_Bracco_0001.png"""
"""10""","""DATASET/Original/Probe/Ivana_Trump_0001.jpg""","""DATASET/Original/Gallery/Lorraine_Bracco_0001.jpg""",Impostors,0.824,0.835,YES,??,??,Face Coding,Select,Select,Select,Select,JPEG at 10 QF,29.7,0.9487,"""DATASET/Coding/JPEG/JPEG_Q=10/Ivana_Trump_0001.png""",??,??,ArcFace,FV_RISE,"""DATASET/Explainability/FR_RISE/Coding/JPEG/JPEG_Q=10/Ivana_Trump_0001_Lorraine_Bracco_0001.png"""
"""10""","""DATASET/Original/Probe/Ivana_Trump_0001.jpg""","""DATASET/Original/Gallery/Lorraine_Bracco_0001.jpg""",Impostors,0.824,0.835,YES,??,??,Face Coding,Select,Select,Select,Select,JPEG at 25 QF,33.38,0.9791,"""DATASET/Coding/JPEG/JPEG_Q=25/Ivana_Trump_0001.png""",??,??,ArcFace,FV_RISE,"""DATASET/Explainability/FR_RISE/Coding/JPEG/JPEG_Q=25/Ivana_Trump_0001_Lorraine_Bracco_0001.png"""
"""10""","""DATASET/Original/Probe/Ivana_Trump_0001.jpg""","""DATASET/Original/Gallery/Lorraine_Bracco_0001.jpg""",Impostors,0.824,0.835,YES,??,??,Face Coding,Select,Select,Select,Select,JPEG at 45 QF,36.26,0.9897,"""DATASET/Coding/JPEG/JPEG_Q=45/Ivana_Trump_0001.png""",??,??,ArcFace,FV_RISE,"""DATASET/Explainability/FR_RISE/Coding/JPEG/JPEG_Q=45/Ivana_Trump_0001_Lorraine_Bracco_0001.png"""
"""10""","""DATASET/Original/Probe/Ivana_Trump_0001.jpg""","""DATASET/Original/Gallery/Lorraine_Bracco_0001.jpg""",Impostors,0.824,0.835,YES,??,??,Face Coding,Select,Select,Select,Select,JPEG at 75 QF,44.09,0.9982,"""DATASET/Coding/JPEG/JPEG_Q=75/Ivana_Trump_0001.png""",??,??,ArcFace,FV_RISE,"""DATASET/Explainability/FR_RISE/Coding/JPEG/JPEG_Q=75/Ivana_Trump_0001_Lorraine_Bracco_0001.png"""
"""10""","""DATASET/Original/Probe/Ivana_Trump_0001.jpg""","""DATASET/Original/Gallery/Lorraine_Bracco_0001.jpg""",Impostors,0.824,0.835,YES,??,??,Face Coding,Select,Select,Select,Select,JPEG AI at 0.06 bpp,31.22,0.9569,"""DATASET/Coding/JPEG_AI/JPEG_AI_BR=0.06/Ivana_Trump_0001.png""",??,??,ArcFace,FV_RISE,"""DATASET/Explainability/FR_RISE/Coding/JPEG_AI/JPEG_AI_BR=0.06/Ivana_Trump_0001_Lorraine_Bracco_0001.png"""
"""10""","""DATASET/Original/Probe/Ivana_Trump_0001.jpg""","""DATASET/Original/Gallery/Lorraine_Bracco_0001.jpg""",Impostors,0.824,0.835,YES,??,??,Face Coding,Select,Select,Select,Select,JPEG AI at 0.12 bpp,33.47,0.98,"""DATASET/Coding/JPEG_AI/JPEG_AI_BR=0.12/Ivana_Trump_0001.png""",??,??,ArcFace,FV_RISE,"""DATASET/Explainability/FR_RISE/Coding/JPEG_AI/JPEG_AI_BR=0.12/Ivana_Trump_0001_Lorraine_Bracco_0001.png"""
"""10""","""DATASET/Original/Probe/Ivana_Trump_0001.jpg""","""DATASET/Original/Gallery/Lorraine_Bracco_0001.jpg""",Impostors,0.824,0.835,YES,??,??,Face Coding,Select,Select,Select,Select,JPEG AI at 0.25 bpp,35.03,0.9888,"""DATASET/Coding/JPEG_AI/JPEG_AI_BR=0.25/Ivana_Trump_0001.png""",??,??,ArcFace,FV_RISE,"""DATASET/Explainability/FR_RISE/Coding/JPEG_AI/JPEG_AI_BR=0.25/Ivana_Trump_0001_Lorraine_Bracco_0001.png"""
"""10""","""DATASET/Original/Probe/Ivana_Trump_0001.jpg""","""DATASET/Original/Gallery/Lorraine_Bracco_0001.jpg""",Impostors,0.824,0.835,YES,??,??,Face Coding,Select,Select,Select,Select,JPEG AI at 0.50 bpp,37.9,0.9959,"""DATASET/Coding/JPEG_AI/JPEG_AI_BR=0.50/Ivana_Trump_0001.png""",??,??,ArcFace,FV_RISE,"""DATASET/Explainability/FR_RISE/Coding/JPEG_AI/JPEG_AI_BR=0.50/Ivana_Trump_0001_Lorraine_Bracco_0001.png"""
"""10""","""DATASET/Original/Probe/Ivana_Trump_0001.jpg""","""DATASET/Original/Gallery/Lorraine_Bracco_0001.jpg""",Impostors,0.824,0.835,YES,??,??,Face Coding,Select,Select,Select,Select,JPEG AI at 0.75 bpp,39.23,0.9975,"""DATASET/Coding/JPEG_AI/JPEG_AI_BR=0.75/Ivana_Trump_0001.png""",??,??,ArcFace,FV_RISE,"""DATASET/Explainability/FR_RISE/Coding/JPEG_AI/JPEG_AI_BR=0.75/Ivana_Trump_0001_Lorraine_Bracco_0001.png"""
"""11""","""DATASET/Original/Probe/Allan_Houston_0004.jpg""","""DATASET/Original/Gallery/Chita_Rivera_0001.jpg""",Impostors,1.0183,0.835,NO,True Negative,Dissimilarity Map,Select,Select,Select,Select,Select,Select,Select,Select,Select,Select,Select,ArcFace,FV_RISE,"""DATASET/Explainability/FR_RISE/Original/Allan_Houston_0004_Chita_Rivera_0001.png"""
"""11""","""DATASET/Original/Probe/Allan_Houston_0004.jpg""","""DATASET/Original/Gallery/Chita_Rivera_0001.jpg""",Impostors,1.0183,0.835,NO,??,??,Face Beautification,Select,Select,Select,Select,Select,Select,Select,Select,Select,Select,ArcFace,FV_RISE,"""DATASET/Explainability/FR_RISE/Original/Allan_Houston_0004_Chita_Rivera_0001.png"""
"""11""","""DATASET/Original/Probe/Allan_Houston_0004.jpg""","""DATASET/Original/Gallery/Chita_Rivera_0001.jpg""",Impostors,1.0183,0.835,NO,??,??,Face Coding,Select,Select,Select,Select,Select,Select,Select,Select,Select,Select,ArcFace,FV_RISE,"""DATASET/Explainability/FR_RISE/Original/Allan_Houston_0004_Chita_Rivera_0001.png"""
"""11""","""DATASET/Original/Probe/Allan_Houston_0004.jpg""","""DATASET/Original/Gallery/Chita_Rivera_0001.jpg""",Impostors,1.0183,0.835,NO,??,??,Face Beautification,Thinner Face,"""DATASET/Beautification/Filter_1_Thinner_face/Allan_Houston_0004.jpg""",??,??,Select,Select,Select,Select,Select,Select,ArcFace,FV_RISE,"""DATASET/Explainability/FR_RISE/Original/Allan_Houston_0004_Chita_Rivera_0001.png"""
"""11""","""DATASET/Original/Probe/Allan_Houston_0004.jpg""","""DATASET/Original/Gallery/Chita_Rivera_0001.jpg""",Impostors,1.0183,0.835,NO,??,??,Face Beautification,Relax You Pretty,"""DATASET/Beautification/Filter_2_Relax_You_Pretty/Allan_Houston_0004.jpg""",??,??,Select,Select,Select,Select,Select,Select,ArcFace,FV_RISE,"""DATASET/Explainability/FR_RISE/Original/Allan_Houston_0004_Chita_Rivera_0001.png"""
"""11""","""DATASET/Original/Probe/Allan_Houston_0004.jpg""","""DATASET/Original/Gallery/Chita_Rivera_0001.jpg""",Impostors,1.0183,0.835,NO,??,??,Face Beautification,Glam Grain,"""DATASET/Beautification/Filter_3_Glam_grain/Allan_Houston_0004.jpg""",??,??,Select,Select,Select,Select,Select,Select,ArcFace,FV_RISE,"""DATASET/Explainability/FR_RISE/Original/Allan_Houston_0004_Chita_Rivera_0001.png"""
"""11""","""DATASET/Original/Probe/Allan_Houston_0004.jpg""","""DATASET/Original/Gallery/Chita_Rivera_0001.jpg""",Impostors,1.0183,0.835,NO,??,??,Face Coding,Select,Select,Select,Select,JPEG at 10 QF,28.45,0.9567,"""DATASET/Coding/JPEG/JPEG_Q=10/Allan_Houston_0004.png""",??,??,ArcFace,FV_RISE,"""DATASET/Explainability/FR_RISE/Coding/JPEG/JPEG_Q=10/Allan_Houston_0004_Chita_Rivera_0001.png"""
"""11""","""DATASET/Original/Probe/Allan_Houston_0004.jpg""","""DATASET/Original/Gallery/Chita_Rivera_0001.jpg""",Impostors,1.0183,0.835,NO,??,??,Face Coding,Select,Select,Select,Select,JPEG at 25 QF,32.06,0.9817,"""DATASET/Coding/JPEG/JPEG_Q=25/Allan_Houston_0004.png""",??,??,ArcFace,FV_RISE,"""DATASET/Explainability/FR_RISE/Coding/JPEG/JPEG_Q=25/Allan_Houston_0004_Chita_Rivera_0001.png"""
"""11""","""DATASET/Original/Probe/Allan_Houston_0004.jpg""","""DATASET/Original/Gallery/Chita_Rivera_0001.jpg""",Impostors,1.0183,0.835,NO,??,??,Face Coding,Select,Select,Select,Select,JPEG at 45 QF,35.04,0.9902,"""DATASET/Coding/JPEG/JPEG_Q=45/Allan_Houston_0004.png""",??,??,ArcFace,FV_RISE,"""DATASET/Explainability/FR_RISE/Coding/JPEG/JPEG_Q=45/Allan_Houston_0004_Chita_Rivera_0001.png"""
"""11""","""DATASET/Original/Probe/Allan_Houston_0004.jpg""","""DATASET/Original/Gallery/Chita_Rivera_0001.jpg""",Impostors,1.0183,0.835,NO,??,??,Face Coding,Select,Select,Select,Select,JPEG at 75 QF,42.28,0.9982,"""DATASET/Coding/JPEG/JPEG_Q=75/Allan_Houston_0004.png""",??,??,ArcFace,FV_RISE,"""DATASET/Explainability/FR_RISE/Coding/JPEG/JPEG_Q=75/Allan_Houston_0004_Chita_Rivera_0001.png"""
"""11""","""DATASET/Original/Probe/Allan_Houston_0004.jpg""","""DATASET/Original/Gallery/Chita_Rivera_0001.jpg""",Impostors,1.0183,0.835,NO,??,??,Face Coding,Select,Select,Select,Select,JPEG AI at 0.06 bpp,30.14,0.9701,"""DATASET/Coding/JPEG_AI/JPEG_AI_BR=0.06/Allan_Houston_0004.png""",??,??,ArcFace,FV_RISE,"""DATASET/Explainability/FR_RISE/Coding/JPEG_AI/JPEG_AI_BR=0.06/Allan_Houston_0004_Chita_Rivera_0001.png"""
"""11""","""DATASET/Original/Probe/Allan_Houston_0004.jpg""","""DATASET/Original/Gallery/Chita_Rivera_0001.jpg""",Impostors,1.0183,0.835,NO,??,??,Face Coding,Select,Select,Select,Select,JPEG AI at 0.12 bpp,32.58,0.9858,"""DATASET/Coding/JPEG_AI/JPEG_AI_BR=0.12/Allan_Houston_0004.png""",??,??,ArcFace,FV_RISE,"""DATASET/Explainability/FR_RISE/Coding/JPEG_AI/JPEG_AI_BR=0.12/Allan_Houston_0004_Chita_Rivera_0001.png"""
"""11""","""DATASET/Original/Probe/Allan_Houston_0004.jpg""","""DATASET/Original/Gallery/Chita_Rivera_0001.jpg""",Impostors,1.0183,0.835,NO,??,??,Face Coding,Select,Select,Select,Select,JPEG AI at 0.25 bpp,34.1,0.9911,"""DATASET/Coding/JPEG_AI/JPEG_AI_BR=0.25/Allan_Houston_0004.png""",??,??,ArcFace,FV_RISE,"""DATASET/Explainability/FR_RISE/Coding/JPEG_AI/JPEG_AI_BR=0.25/Allan_Houston_0004_Chita_Rivera_0001.png"""
"""11""","""DATASET/Original/Probe/Allan_Houston_0004.jpg""","""DATASET/Original/Gallery/Chita_Rivera_0001.jpg""",Impostors,1.0183,0.835,NO,??,??,Face Coding,Select,Select,Select,Select,JPEG AI at 0.50 bpp,36.48,0.996,"""DATASET/Coding/JPEG_AI/JPEG_AI_BR=0.50/Allan_Houston_0004.png""",??,??,ArcFace,FV_RISE,"""DATASET/Explainability/FR_RISE/Coding/JPEG_AI/JPEG_AI_BR=0.50/Allan_Houston_0004_Chita_Rivera_0001.png"""
"""11""","""DATASET/Original/Probe/Allan_Houston_0004.jpg""","""DATASET/Original/Gallery/Chita_Rivera_0001.jpg""",Impostors,1.0183,0.835,NO,??,??,Face Coding,Select,Select,Select,Select,JPEG AI at 0.75 bpp,37.32,0.9968,"""DATASET/Coding/JPEG_AI/JPEG_AI_BR=0.75/Allan_Houston_0004.png""",??,??,ArcFace,FV_RISE,"""DATASET/Explainability/FR_RISE/Coding/JPEG_AI/JPEG_AI_BR=0.75/Allan_Houston_0004_Chita_Rivera_0001.png"""
"""12""","""DATASET/Original/Probe/Jada_Pinkett_Smith_0001.jpg""","""DATASET/Original/Gallery/Larry_Pleau_0001.jpg""",Impostors,0.6638,0.835,YES,False Positive,Similarity Map,Select,Select,Select,Select,Select,Select,Select,Select,Select,Select,Select,ArcFace,FV_RISE,"""DATASET/Explainability/FR_RISE/Original/Jada_Pinkett_Smith_0001_Larry_Pleau_0001.png"""
"""12""","""DATASET/Original/Probe/Jada_Pinkett_Smith_0001.jpg""","""DATASET/Original/Gallery/Larry_Pleau_0001.jpg""",Impostors,0.6638,0.835,YES,??,??,Face Beautification,Select,Select,Select,Select,Select,Select,Select,Select,Select,Select,ArcFace,FV_RISE,"""DATASET/Explainability/FR_RISE/Original/Jada_Pinkett_Smith_0001_Larry_Pleau_0001.png"""
"""12""","""DATASET/Original/Probe/Jada_Pinkett_Smith_0001.jpg""","""DATASET/Original/Gallery/Larry_Pleau_0001.jpg""",Impostors,0.6638,0.835,YES,??,??,Face Coding,Select,Select,Select,Select,Select,Select,Select,Select,Select,Select,ArcFace,FV_RISE,"""DATASET/Explainability/FR_RISE/Original/Jada_Pinkett_Smith_0001_Larry_Pleau_0001.png"""
"""12""","""DATASET/Original/Probe/Jada_Pinkett_Smith_0001.jpg""","""DATASET/Original/Gallery/Larry_Pleau_0001.jpg""",Impostors,0.6638,0.835,YES,??,??,Face Beautification,Thinner Face,"""DATASET/Beautification/Filter_1_Thinner_face/Jada_Pinkett_Smith_0001.jpg""",??,??,Select,Select,Select,Select,Select,Select,ArcFace,FV_RISE,"""DATASET/Explainability/FR_RISE/Original/Jada_Pinkett_Smith_0001_Larry_Pleau_0001.png"""
"""12""","""DATASET/Original/Probe/Jada_Pinkett_Smith_0001.jpg""","""DATASET/Original/Gallery/Larry_Pleau_0001.jpg""",Impostors,0.6638,0.835,YES,??,??,Face Beautification,Relax You Pretty,"""DATASET/Beautification/Filter_2_Relax_You_Pretty/Jada_Pinkett_Smith_0001.jpg""",??,??,Select,Select,Select,Select,Select,Select,ArcFace,FV_RISE,"""DATASET/Explainability/FR_RISE/Original/Jada_Pinkett_Smith_0001_Larry_Pleau_0001.png"""
"""12""","""DATASET/Original/Probe/Jada_Pinkett_Smith_0001.jpg""","""DATASET/Original/Gallery/Larry_Pleau_0001.jpg""",Impostors,0.6638,0.835,YES,??,??,Face Beautification,Glam Grain,"""DATASET/Beautification/Filter_3_Glam_grain/Jada_Pinkett_Smith_0001.jpg""",??,??,Select,Select,Select,Select,Select,Select,ArcFace,FV_RISE,"""DATASET/Explainability/FR_RISE/Original/Jada_Pinkett_Smith_0001_Larry_Pleau_0001.png"""
"""12""","""DATASET/Original/Probe/Jada_Pinkett_Smith_0001.jpg""","""DATASET/Original/Gallery/Larry_Pleau_0001.jpg""",Impostors,0.6638,0.835,YES,??,??,Face Coding,Select,Select,Select,Select,JPEG at 10 QF,31.67,0.9455,"""DATASET/Coding/JPEG/JPEG_Q=10/Jada_Pinkett_Smith_0001.png""",??,??,ArcFace,FV_RISE,"""DATASET/Explainability/FR_RISE/Coding/JPEG/JPEG_Q=10/Jada_Pinkett_Smith_0001_Larry_Pleau_0001.png"""
"""12""","""DATASET/Original/Probe/Jada_Pinkett_Smith_0001.jpg""","""DATASET/Original/Gallery/Larry_Pleau_0001.jpg""",Impostors,0.6638,0.835,YES,??,??,Face Coding,Select,Select,Select,Select,JPEG at 25 QF,37.07,0.9821,"""DATASET/Coding/JPEG/JPEG_Q=25/Jada_Pinkett_Smith_0001.png""",??,??,ArcFace,FV_RISE,"""DATASET/Explainability/FR_RISE/Coding/JPEG/JPEG_Q=25/Jada_Pinkett_Smith_0001_Larry_Pleau_0001.png"""
"""12""","""DATASET/Original/Probe/Jada_Pinkett_Smith_0001.jpg""","""DATASET/Original/Gallery/Larry_Pleau_0001.jpg""",Impostors,0.6638,0.835,YES,??,??,Face Coding,Select,Select,Select,Select,JPEG at 45 QF,40.91,0.9917,"""DATASET/Coding/JPEG/JPEG_Q=45/Jada_Pinkett_Smith_0001.png""",??,??,ArcFace,FV_RISE,"""DATASET/Explainability/FR_RISE/Coding/JPEG/JPEG_Q=45/Jada_Pinkett_Smith_0001_Larry_Pleau_0001.png"""
"""12""","""DATASET/Original/Probe/Jada_Pinkett_Smith_0001.jpg""","""DATASET/Original/Gallery/Larry_Pleau_0001.jpg""",Impostors,0.6638,0.835,YES,??,??,Face Coding,Select,Select,Select,Select,JPEG at 75 QF,47.01,0.9981,"""DATASET/Coding/JPEG/JPEG_Q=75/Jada_Pinkett_Smith_0001.png""",??,??,ArcFace,FV_RISE,"""DATASET/Explainability/FR_RISE/Coding/JPEG/JPEG_Q=75/Jada_Pinkett_Smith_0001_Larry_Pleau_0001.png"""
"""12""","""DATASET/Original/Probe/Jada_Pinkett_Smith_0001.jpg""","""DATASET/Original/Gallery/Larry_Pleau_0001.jpg""",Impostors,0.6638,0.835,YES,??,??,Face Coding,Select,Select,Select,Select,JPEG AI at 0.06 bpp,33.26,0.96,"""DATASET/Coding/JPEG_AI/JPEG_AI_BR=0.06/Jada_Pinkett_Smith_0001.png""",??,??,ArcFace,FV_RISE,"""DATASET/Explainability/FR_RISE/Coding/JPEG_AI/JPEG_AI_BR=0.06/Jada_Pinkett_Smith_0001_Larry_Pleau_0001.png"""
"""12""","""DATASET/Original/Probe/Jada_Pinkett_Smith_0001.jpg""","""DATASET/Original/Gallery/Larry_Pleau_0001.jpg""",Impostors,0.6638,0.835,YES,??,??,Face Coding,Select,Select,Select,Select,JPEG AI at 0.12 bpp,36.76,0.9869,"""DATASET/Coding/JPEG_AI/JPEG_AI_BR=0.12/Jada_Pinkett_Smith_0001.png""",??,??,ArcFace,FV_RISE,"""DATASET/Explainability/FR_RISE/Coding/JPEG_AI/JPEG_AI_BR=0.12/Jada_Pinkett_Smith_0001_Larry_Pleau_0001.png"""
"""12""","""DATASET/Original/Probe/Jada_Pinkett_Smith_0001.jpg""","""DATASET/Original/Gallery/Larry_Pleau_0001.jpg""",Impostors,0.6638,0.835,YES,??,??,Face Coding,Select,Select,Select,Select,JPEG AI at 0.25 bpp,39.38,0.9937,"""DATASET/Coding/JPEG_AI/JPEG_AI_BR=0.25/Jada_Pinkett_Smith_0001.png""",??,??,ArcFace,FV_RISE,"""DATASET/Explainability/FR_RISE/Coding/JPEG_AI/JPEG_AI_BR=0.25/Jada_Pinkett_Smith_0001_Larry_Pleau_0001.png"""
"""12""","""DATASET/Original/Probe/Jada_Pinkett_Smith_0001.jpg""","""DATASET/Original/Gallery/Larry_Pleau_0001.jpg""",Impostors,0.6638,0.835,YES,??,??,Face Coding,Select,Select,Select,Select,JPEG AI at 0.50 bpp,42.92,0.9973,"""DATASET/Coding/JPEG_AI/JPEG_AI_BR=0.50/Jada_Pinkett_Smith_0001.png""",??,??,ArcFace,FV_RISE,"""DATASET/Explainability/FR_RISE/Coding/JPEG_AI/JPEG_AI_BR=0.50/Jada_Pinkett_Smith_0001_Larry_Pleau_0001.png"""
"""12""","""DATASET/Original/Probe/Jada_Pinkett_Smith_0001.jpg""","""DATASET/Original/Gallery/Larry_Pleau_0001.jpg""",Impostors,0.6638,0.835,YES,??,??,Face Coding,Select,Select,Select,Select,JPEG AI at 0.75 bpp,44.34,0.9982,"""DATASET/Coding/JPEG_AI/JPEG_AI_BR=0.75/Jada_Pinkett_Smith_0001.png""",??,??,ArcFace,FV_RISE,"""DATASET/Explainability/FR_RISE/Coding/JPEG_AI/JPEG_AI_BR=0.75/Jada_Pinkett_Smith_0001_Larry_Pleau_0001.png"""
